SET DB_CLOSE_DELAY -1;         
;              
CREATE USER IF NOT EXISTS SA SALT '53412128324d38ed' HASH '77bdff51136a552a08ec1b919ce303a2f1904534ba41283060b6af06108d90b5' ADMIN;            
CREATE MEMORY TABLE PUBLIC.ENCOUNTER(
    ID VARCHAR(255) NOT NULL,
    FULL_ID VARCHAR(255) NOT NULL,
    REASON VARCHAR(255),
    START_PERIOD TIMESTAMP NOT NULL,
    STATUS VARCHAR(255) NOT NULL,
    TYPE VARCHAR(255) NOT NULL,
    PATIENT VARCHAR(255) NOT NULL
);    
ALTER TABLE PUBLIC.ENCOUNTER ADD CONSTRAINT PUBLIC.CONSTRAINT_F PRIMARY KEY(ID);               
-- 50 +/- SELECT COUNT(*) FROM PUBLIC.ENCOUNTER;               
INSERT INTO PUBLIC.ENCOUNTER(ID, FULL_ID, REASON, START_PERIOD, STATUS, TYPE, PATIENT) VALUES
('070D9B53D573D23CB1B7CF4FDC14C3F7.1-658', 'http://demo.oridashi.com.au:8298/Encounter/070D9B53D573D23CB1B7CF4FDC14C3F7.1-658/_history/20161111161851', NULL, TIMESTAMP '2016-11-10 10:53:44.0', 'FINISHED', 'Surgery Consultation', '070D9B53D573D23CB1B7CF4FDC14C3F7.3'),
('070D9B53D573D23CB1B7CF4FDC14C3F7.1-655', 'http://demo.oridashi.com.au:8298/Encounter/070D9B53D573D23CB1B7CF4FDC14C3F7.1-655/_history/20130222020115', NULL, TIMESTAMP '2013-02-22 07:05:57.0', 'FINISHED', 'Unspecified', '070D9B53D573D23CB1B7CF4FDC14C3F7.3'),
('070D9B53D573D23CB1B7CF4FDC14C3F7.1-654', 'http://demo.oridashi.com.au:8298/Encounter/070D9B53D573D23CB1B7CF4FDC14C3F7.1-654/_history/20130222020429', NULL, TIMESTAMP '2013-02-22 07:03:48.0', 'FINISHED', 'Unspecified', '070D9B53D573D23CB1B7CF4FDC14C3F7.3'),
('070D9B53D573D23CB1B7CF4FDC14C3F7.1-645', 'http://demo.oridashi.com.au:8298/Encounter/070D9B53D573D23CB1B7CF4FDC14C3F7.1-645/_history/19981005053601', 'Immunisation - 2 month', TIMESTAMP '1998-10-05 09:42:59.0', 'FINISHED', 'Unspecified', '070D9B53D573D23CB1B7CF4FDC14C3F7.3'),
('070D9B53D573D23CB1B7CF4FDC14C3F7.1-646', 'http://demo.oridashi.com.au:8298/Encounter/070D9B53D573D23CB1B7CF4FDC14C3F7.1-646/_history/19981221045101', 'Immunisation - 4 month', TIMESTAMP '1998-12-21 09:48:55.0', 'FINISHED', 'Unspecified', '070D9B53D573D23CB1B7CF4FDC14C3F7.3'),
('070D9B53D573D23CB1B7CF4FDC14C3F7.1-647', 'http://demo.oridashi.com.au:8298/Encounter/070D9B53D573D23CB1B7CF4FDC14C3F7.1-647/_history/19990218045634', 'Immunisation - 6 month', TIMESTAMP '1999-02-18 09:51:24.0', 'FINISHED', 'Unspecified', '070D9B53D573D23CB1B7CF4FDC14C3F7.3'),
('070D9B53D573D23CB1B7CF4FDC14C3F7.1-648', 'http://demo.oridashi.com.au:8298/Encounter/070D9B53D573D23CB1B7CF4FDC14C3F7.1-648/_history/19990824055853', 'Immunisation - 12 month', TIMESTAMP '1999-08-24 10:54:27.0', 'FINISHED', 'Unspecified', '070D9B53D573D23CB1B7CF4FDC14C3F7.3'),
('070D9B53D573D23CB1B7CF4FDC14C3F7.1-649', 'http://demo.oridashi.com.au:8298/Encounter/070D9B53D573D23CB1B7CF4FDC14C3F7.1-649/_history/20000405054733', 'Immunisation - 18 month', TIMESTAMP '2000-04-05 10:56:12.0', 'FINISHED', 'Unspecified', '070D9B53D573D23CB1B7CF4FDC14C3F7.3'),
('070D9B53D573D23CB1B7CF4FDC14C3F7.1-650', 'http://demo.oridashi.com.au:8298/Encounter/070D9B53D573D23CB1B7CF4FDC14C3F7.1-650/_history/20021105050806', 'Immunisation - 4 year old', TIMESTAMP '2002-11-05 09:58:11.0', 'FINISHED', 'Unspecified', '070D9B53D573D23CB1B7CF4FDC14C3F7.3'),
('070D9B53D573D23CB1B7CF4FDC14C3F7.1-651', 'http://demo.oridashi.com.au:8298/Encounter/070D9B53D573D23CB1B7CF4FDC14C3F7.1-651/_history/20120311224644', 'URTI', TIMESTAMP '2012-03-12 03:50:15.0', 'FINISHED', 'Unspecified', '070D9B53D573D23CB1B7CF4FDC14C3F7.5'),
('070D9B53D573D23CB1B7CF4FDC14C3F7.1-652', 'http://demo.oridashi.com.au:8298/Encounter/070D9B53D573D23CB1B7CF4FDC14C3F7.1-652/_history/20120828022757', 'Immunisation', TIMESTAMP '2012-08-28 07:26:01.0', 'FINISHED', 'Unspecified', '070D9B53D573D23CB1B7CF4FDC14C3F7.5'),
('070D9B53D573D23CB1B7CF4FDC14C3F7.1-653', 'http://demo.oridashi.com.au:8298/Encounter/070D9B53D573D23CB1B7CF4FDC14C3F7.1-653/_history/20130108011519', NULL, TIMESTAMP '2013-01-08 06:14:54.0', 'FINISHED', 'Unspecified', '070D9B53D573D23CB1B7CF4FDC14C3F7.5'),
('070D9B53D573D23CB1B7CF4FDC14C3F7.1-590', 'http://demo.oridashi.com.au:8298/Encounter/070D9B53D573D23CB1B7CF4FDC14C3F7.1-590/_history/20130221012342', 'Check up', TIMESTAMP '2013-02-21 06:30:41.0', 'FINISHED', 'Unspecified', '070D9B53D573D23CB1B7CF4FDC14C3F7.5'),
('070D9B53D573D23CB1B7CF4FDC14C3F7.1-571', 'http://demo.oridashi.com.au:8298/Encounter/070D9B53D573D23CB1B7CF4FDC14C3F7.1-571/_history/19990911212325', 'Migraine', TIMESTAMP '1999-09-12 02:15:00.0', 'FINISHED', 'Unspecified', '070D9B53D573D23CB1B7CF4FDC14C3F7.5'),
('070D9B53D573D23CB1B7CF4FDC14C3F7.1-572', 'http://demo.oridashi.com.au:8298/Encounter/070D9B53D573D23CB1B7CF4FDC14C3F7.1-572/_history/19990913042857', NULL, TIMESTAMP '1999-09-13 09:22:37.0', 'FINISHED', 'Unspecified', '070D9B53D573D23CB1B7CF4FDC14C3F7.5');       
INSERT INTO PUBLIC.ENCOUNTER(ID, FULL_ID, REASON, START_PERIOD, STATUS, TYPE, PATIENT) VALUES
('070D9B53D573D23CB1B7CF4FDC14C3F7.1-573', 'http://demo.oridashi.com.au:8298/Encounter/070D9B53D573D23CB1B7CF4FDC14C3F7.1-573/_history/19990921090504', NULL, TIMESTAMP '1999-09-21 14:13:57.0', 'FINISHED', 'Unspecified', '070D9B53D573D23CB1B7CF4FDC14C3F7.5'),
('070D9B53D573D23CB1B7CF4FDC14C3F7.1-574', 'http://demo.oridashi.com.au:8298/Encounter/070D9B53D573D23CB1B7CF4FDC14C3F7.1-574/_history/19991028053027', NULL, TIMESTAMP '1999-10-28 08:45:11.0', 'FINISHED', 'Unspecified', '070D9B53D573D23CB1B7CF4FDC14C3F7.5'),
('070D9B53D573D23CB1B7CF4FDC14C3F7.1-575', 'http://demo.oridashi.com.au:8298/Encounter/070D9B53D573D23CB1B7CF4FDC14C3F7.1-575/_history/19991106021022', NULL, TIMESTAMP '1999-11-06 07:03:16.0', 'FINISHED', 'Unspecified', '070D9B53D573D23CB1B7CF4FDC14C3F7.5'),
('070D9B53D573D23CB1B7CF4FDC14C3F7.1-576', 'http://demo.oridashi.com.au:8298/Encounter/070D9B53D573D23CB1B7CF4FDC14C3F7.1-576/_history/19991109030415', NULL, TIMESTAMP '1999-11-09 08:02:31.0', 'FINISHED', 'Unspecified', '070D9B53D573D23CB1B7CF4FDC14C3F7.5'),
('070D9B53D573D23CB1B7CF4FDC14C3F7.1-577', 'http://demo.oridashi.com.au:8298/Encounter/070D9B53D573D23CB1B7CF4FDC14C3F7.1-577/_history/19991207070629', NULL, TIMESTAMP '1999-12-07 12:11:37.0', 'FINISHED', 'Unspecified', '070D9B53D573D23CB1B7CF4FDC14C3F7.17'),
('070D9B53D573D23CB1B7CF4FDC14C3F7.1-578', 'http://demo.oridashi.com.au:8298/Encounter/070D9B53D573D23CB1B7CF4FDC14C3F7.1-578/_history/20000204061902', NULL, TIMESTAMP '2000-02-04 06:27:27.0', 'FINISHED', 'Unspecified', '070D9B53D573D23CB1B7CF4FDC14C3F7.17'),
('070D9B53D573D23CB1B7CF4FDC14C3F7.1-581', 'http://demo.oridashi.com.au:8298/Encounter/070D9B53D573D23CB1B7CF4FDC14C3F7.1-581/_history/20000205042931', NULL, TIMESTAMP '2000-02-05 06:22:52.0', 'FINISHED', 'Unspecified', '070D9B53D573D23CB1B7CF4FDC14C3F7.17'),
('070D9B53D573D23CB1B7CF4FDC14C3F7.1-583', 'http://demo.oridashi.com.au:8298/Encounter/070D9B53D573D23CB1B7CF4FDC14C3F7.1-583/_history/20090610051835', 'Check up', TIMESTAMP '2009-06-10 10:13:09.0', 'FINISHED', 'Unspecified', '070D9B53D573D23CB1B7CF4FDC14C3F7.17'),
('070D9B53D573D23CB1B7CF4FDC14C3F7.1-584', 'http://demo.oridashi.com.au:8298/Encounter/070D9B53D573D23CB1B7CF4FDC14C3F7.1-584/_history/20110201040326', 'Check up', TIMESTAMP '2011-02-01 08:58:43.0', 'FINISHED', 'Unspecified', '070D9B53D573D23CB1B7CF4FDC14C3F7.17'),
('070D9B53D573D23CB1B7CF4FDC14C3F7.1-585', 'http://demo.oridashi.com.au:8298/Encounter/070D9B53D573D23CB1B7CF4FDC14C3F7.1-585/_history/20110421045527', 'URTI', TIMESTAMP '2011-04-21 10:03:20.0', 'FINISHED', 'Unspecified', '070D9B53D573D23CB1B7CF4FDC14C3F7.17'),
('070D9B53D573D23CB1B7CF4FDC14C3F7.1-586', 'http://demo.oridashi.com.au:8298/Encounter/070D9B53D573D23CB1B7CF4FDC14C3F7.1-586/_history/20111117035932', 'Asthma', TIMESTAMP '2011-11-17 08:52:40.0', 'FINISHED', 'Unspecified', '070D9B53D573D23CB1B7CF4FDC14C3F7.17'),
('070D9B53D573D23CB1B7CF4FDC14C3F7.1-587', 'http://demo.oridashi.com.au:8298/Encounter/070D9B53D573D23CB1B7CF4FDC14C3F7.1-587/_history/20120213034654', 'Check up', TIMESTAMP '2012-02-13 08:49:12.0', 'FINISHED', 'Unspecified', '070D9B53D573D23CB1B7CF4FDC14C3F7.17'),
('070D9B53D573D23CB1B7CF4FDC14C3F7.1-558', 'http://demo.oridashi.com.au:8298/Encounter/070D9B53D573D23CB1B7CF4FDC14C3F7.1-558/_history/20000204011301', NULL, TIMESTAMP '2000-02-04 06:13:38.0', 'FINISHED', 'Unspecified', '070D9B53D573D23CB1B7CF4FDC14C3F7.17'),
('070D9B53D573D23CB1B7CF4FDC14C3F7.1-559', 'http://demo.oridashi.com.au:8298/Encounter/070D9B53D573D23CB1B7CF4FDC14C3F7.1-559/_history/20000204070504', NULL, TIMESTAMP '2000-02-04 12:02:58.0', 'FINISHED', 'Unspecified', '070D9B53D573D23CB1B7CF4FDC14C3F7.17'),
('070D9B53D573D23CB1B7CF4FDC14C3F7.1-561', 'http://demo.oridashi.com.au:8298/Encounter/070D9B53D573D23CB1B7CF4FDC14C3F7.1-561/_history/20040223122536', NULL, TIMESTAMP '2004-02-23 17:21:03.0', 'FINISHED', 'Unspecified', '070D9B53D573D23CB1B7CF4FDC14C3F7.21'),
('070D9B53D573D23CB1B7CF4FDC14C3F7.1-562', 'http://demo.oridashi.com.au:8298/Encounter/070D9B53D573D23CB1B7CF4FDC14C3F7.1-562/_history/20080523063151', 'URTI', TIMESTAMP '2008-05-23 11:30:26.0', 'FINISHED', 'Unspecified', '070D9B53D573D23CB1B7CF4FDC14C3F7.21');            
INSERT INTO PUBLIC.ENCOUNTER(ID, FULL_ID, REASON, START_PERIOD, STATUS, TYPE, PATIENT) VALUES
('070D9B53D573D23CB1B7CF4FDC14C3F7.1-563', 'http://demo.oridashi.com.au:8298/Encounter/070D9B53D573D23CB1B7CF4FDC14C3F7.1-563/_history/20090306052048', 'URTI', TIMESTAMP '2009-03-06 10:28:40.0', 'FINISHED', 'Unspecified', '070D9B53D573D23CB1B7CF4FDC14C3F7.21'),
('070D9B53D573D23CB1B7CF4FDC14C3F7.1-564', 'http://demo.oridashi.com.au:8298/Encounter/070D9B53D573D23CB1B7CF4FDC14C3F7.1-564/_history/20100427062843', 'Immunisation - Influenza', TIMESTAMP '2010-04-27 11:27:29.0', 'FINISHED', 'Unspecified', '070D9B53D573D23CB1B7CF4FDC14C3F7.21'),
('070D9B53D573D23CB1B7CF4FDC14C3F7.1-565', 'http://demo.oridashi.com.au:8298/Encounter/070D9B53D573D23CB1B7CF4FDC14C3F7.1-565/_history/20110510062059', 'Immunisation - Influenza', TIMESTAMP '2011-05-10 11:26:17.0', 'FINISHED', 'Unspecified', '070D9B53D573D23CB1B7CF4FDC14C3F7.21'),
('070D9B53D573D23CB1B7CF4FDC14C3F7.1-566', 'http://demo.oridashi.com.au:8298/Encounter/070D9B53D573D23CB1B7CF4FDC14C3F7.1-566/_history/20130218045444', 'Check up', TIMESTAMP '2013-02-18 10:02:28.0', 'FINISHED', 'Unspecified', '070D9B53D573D23CB1B7CF4FDC14C3F7.21'),
('070D9B53D573D23CB1B7CF4FDC14C3F7.1-553', 'http://demo.oridashi.com.au:8298/Encounter/070D9B53D573D23CB1B7CF4FDC14C3F7.1-553/_history/20130220053836', 'Prescription', TIMESTAMP '2013-02-20 10:42:04.0', 'FINISHED', 'Unspecified', '070D9B53D573D23CB1B7CF4FDC14C3F7.21'),
('070D9B53D573D23CB1B7CF4FDC14C3F7.1-533', 'http://demo.oridashi.com.au:8298/Encounter/070D9B53D573D23CB1B7CF4FDC14C3F7.1-533/_history/20130219044704', 'Check up', TIMESTAMP '2013-02-19 09:38:24.0', 'FINISHED', 'Unspecified', '070D9B53D573D23CB1B7CF4FDC14C3F7.21'),
('070D9B53D573D23CB1B7CF4FDC14C3F7.1-503', 'http://demo.oridashi.com.au:8298/Encounter/070D9B53D573D23CB1B7CF4FDC14C3F7.1-503/_history/20130218045444', 'Check up', TIMESTAMP '2013-02-18 10:02:28.0', 'FINISHED', 'Unspecified', '070D9B53D573D23CB1B7CF4FDC14C3F7.21'),
('070D9B53D573D23CB1B7CF4FDC14C3F7.1-486', 'http://demo.oridashi.com.au:8298/Encounter/070D9B53D573D23CB1B7CF4FDC14C3F7.1-486/_history/20130218032147', 'Check up', TIMESTAMP '2013-02-18 08:18:12.0', 'FINISHED', 'Unspecified', '070D9B53D573D23CB1B7CF4FDC14C3F7.21'),
('070D9B53D573D23CB1B7CF4FDC14C3F7.1-588', 'http://demo.oridashi.com.au:8298/Encounter/070D9B53D573D23CB1B7CF4FDC14C3F7.1-588/_history/20130218023825', 'Check up', TIMESTAMP '2013-02-18 08:18:12.0', 'FINISHED', 'Unspecified', '070D9B53D573D23CB1B7CF4FDC14C3F7.23'),
('070D9B53D573D23CB1B7CF4FDC14C3F7.1-531', 'http://demo.oridashi.com.au:8298/Encounter/070D9B53D573D23CB1B7CF4FDC14C3F7.1-531/_history/20130214042325', 'Cryotherapy - Solar Keratosis(es)', TIMESTAMP '2013-02-14 09:20:17.0', 'FINISHED', 'Unspecified', '070D9B53D573D23CB1B7CF4FDC14C3F7.23'),
('070D9B53D573D23CB1B7CF4FDC14C3F7.1-484', 'http://demo.oridashi.com.au:8298/Encounter/070D9B53D573D23CB1B7CF4FDC14C3F7.1-484/_history/20130212032719', 'INR', TIMESTAMP '2013-02-12 07:02:29.0', 'FINISHED', 'Unspecified', '070D9B53D573D23CB1B7CF4FDC14C3F7.23'),
('070D9B53D573D23CB1B7CF4FDC14C3F7.1-422', 'http://demo.oridashi.com.au:8298/Encounter/070D9B53D573D23CB1B7CF4FDC14C3F7.1-422/_history/20130108011519', NULL, TIMESTAMP '2013-01-08 06:14:54.0', 'FINISHED', 'Unspecified', '070D9B53D573D23CB1B7CF4FDC14C3F7.23'),
('070D9B53D573D23CB1B7CF4FDC14C3F7.1-423', 'http://demo.oridashi.com.au:8298/Encounter/070D9B53D573D23CB1B7CF4FDC14C3F7.1-423/_history/20130108011341', 'Ant Bite Allergy', TIMESTAMP '2013-01-08 06:18:54.0', 'FINISHED', 'Unspecified', '070D9B53D573D23CB1B7CF4FDC14C3F7.23'),
('070D9B53D573D23CB1B7CF4FDC14C3F7.1-303', 'http://demo.oridashi.com.au:8298/Encounter/070D9B53D573D23CB1B7CF4FDC14C3F7.1-303/_history/17991231143651', 'Pneumonia', TIMESTAMP '1799-12-31 19:41:04.0', 'FINISHED', 'Unspecified', '070D9B53D573D23CB1B7CF4FDC14C3F7.23'),
('070D9B53D573D23CB1B7CF4FDC14C3F7.1-304', 'http://demo.oridashi.com.au:8298/Encounter/070D9B53D573D23CB1B7CF4FDC14C3F7.1-304/_history/17991231232404', 'JAKOB CREUTZFELDT DEMENTIA', TIMESTAMP '1800-01-01 04:33:24.0', 'FINISHED', 'Unspecified', '070D9B53D573D23CB1B7CF4FDC14C3F7.23');   
INSERT INTO PUBLIC.ENCOUNTER(ID, FULL_ID, REASON, START_PERIOD, STATUS, TYPE, PATIENT) VALUES
('070D9B53D573D23CB1B7CF4FDC14C3F7.1-305', 'http://demo.oridashi.com.au:8298/Encounter/070D9B53D573D23CB1B7CF4FDC14C3F7.1-305/_history/17991231233712', 'REFLUX OESOPHAGITIS', TIMESTAMP '1800-01-01 04:46:03.0', 'FINISHED', 'Unspecified', '070D9B53D573D23CB1B7CF4FDC14C3F7.23'),
('070D9B53D573D23CB1B7CF4FDC14C3F7.1-306', 'http://demo.oridashi.com.au:8298/Encounter/070D9B53D573D23CB1B7CF4FDC14C3F7.1-306/_history/18000101022850', NULL, TIMESTAMP '1800-01-01 07:21:44.0', 'FINISHED', 'Unspecified', '070D9B53D573D23CB1B7CF4FDC14C3F7.23'),
('070D9B53D573D23CB1B7CF4FDC14C3F7.1-307', 'http://demo.oridashi.com.au:8298/Encounter/070D9B53D573D23CB1B7CF4FDC14C3F7.1-307/_history/18000101021838', 'REFLUX OESOPHAGITIS', TIMESTAMP '1800-01-01 07:25:11.0', 'FINISHED', 'Unspecified', '070D9B53D573D23CB1B7CF4FDC14C3F7.23'),
('070D9B53D573D23CB1B7CF4FDC14C3F7.1-308', 'http://demo.oridashi.com.au:8298/Encounter/070D9B53D573D23CB1B7CF4FDC14C3F7.1-308/_history/18000101024031', 'Jakob Creutzfeldt dementia', TIMESTAMP '1800-01-01 07:43:23.0', 'FINISHED', 'Unspecified', '070D9B53D573D23CB1B7CF4FDC14C3F7.23');        
CREATE MEMORY TABLE PUBLIC.OBSERVATION(
    ID VARCHAR(255) NOT NULL,
    EFFECTIVE_START_PERIOD TIMESTAMP NOT NULL,
    FULL_ID VARCHAR(255) NOT NULL,
    STATUS VARCHAR(255) NOT NULL,
    ENCOUNTER VARCHAR(255) NOT NULL
);               
ALTER TABLE PUBLIC.OBSERVATION ADD CONSTRAINT PUBLIC.CONSTRAINT_8 PRIMARY KEY(ID);             
-- 500 +/- SELECT COUNT(*) FROM PUBLIC.OBSERVATION;            
INSERT INTO PUBLIC.OBSERVATION(ID, EFFECTIVE_START_PERIOD, FULL_ID, STATUS, ENCOUNTER) VALUES
('070D9B53D573D23CB1B7CF4FDC14C3F7.0-23-1', TIMESTAMP '2017-10-17 08:38:07.423', 'http://demo.oridashi.com.au:8298/Observation/070D9B53D573D23CB1B7CF4FDC14C3F7.0-23-1/_history/20171017030807', 'FINAL', '070D9B53D573D23CB1B7CF4FDC14C3F7.1-308'),
('070D9B53D573D23CB1B7CF4FDC14C3F7.0-36-1', TIMESTAMP '2013-04-22 09:18:11.22', 'http://demo.oridashi.com.au:8298/Observation/070D9B53D573D23CB1B7CF4FDC14C3F7.0-36-1/_history/20130422034811', 'FINAL', '070D9B53D573D23CB1B7CF4FDC14C3F7.1-308'),
('070D9B53D573D23CB1B7CF4FDC14C3F7.0-38-1', TIMESTAMP '2013-04-10 07:50:52.733', 'http://demo.oridashi.com.au:8298/Observation/070D9B53D573D23CB1B7CF4FDC14C3F7.0-38-1/_history/20130410022052', 'FINAL', '070D9B53D573D23CB1B7CF4FDC14C3F7.1-308'),
('070D9B53D573D23CB1B7CF4FDC14C3F7.0-38-2', TIMESTAMP '2013-04-10 07:50:52.733', 'http://demo.oridashi.com.au:8298/Observation/070D9B53D573D23CB1B7CF4FDC14C3F7.0-38-2/_history/20130410022052', 'FINAL', '070D9B53D573D23CB1B7CF4FDC14C3F7.1-308'),
('070D9B53D573D23CB1B7CF4FDC14C3F7.0-40-2', TIMESTAMP '2013-02-22 07:07:46.453', 'http://demo.oridashi.com.au:8298/Observation/070D9B53D573D23CB1B7CF4FDC14C3F7.0-40-2/_history/20130222013746', 'FINAL', '070D9B53D573D23CB1B7CF4FDC14C3F7.1-308'),
('070D9B53D573D23CB1B7CF4FDC14C3F7.0-41-2', TIMESTAMP '2013-02-22 07:05:09.723', 'http://demo.oridashi.com.au:8298/Observation/070D9B53D573D23CB1B7CF4FDC14C3F7.0-41-2/_history/20130222013509', 'FINAL', '070D9B53D573D23CB1B7CF4FDC14C3F7.1-308'),
('070D9B53D573D23CB1B7CF4FDC14C3F7.0-32-2', TIMESTAMP '2013-02-21 08:17:33.547', 'http://demo.oridashi.com.au:8298/Observation/070D9B53D573D23CB1B7CF4FDC14C3F7.0-32-2/_history/20130221024733', 'FINAL', '070D9B53D573D23CB1B7CF4FDC14C3F7.1-308'),
('070D9B53D573D23CB1B7CF4FDC14C3F7.0-20-1', TIMESTAMP '2013-02-19 10:29:02.867', 'http://demo.oridashi.com.au:8298/Observation/070D9B53D573D23CB1B7CF4FDC14C3F7.0-20-1/_history/20130219045902', 'FINAL', '070D9B53D573D23CB1B7CF4FDC14C3F7.1-308'),
('070D9B53D573D23CB1B7CF4FDC14C3F7.0-21-1', TIMESTAMP '2013-02-19 10:28:56.917', 'http://demo.oridashi.com.au:8298/Observation/070D9B53D573D23CB1B7CF4FDC14C3F7.0-21-1/_history/20130219045856', 'FINAL', '070D9B53D573D23CB1B7CF4FDC14C3F7.1-308'),
('070D9B53D573D23CB1B7CF4FDC14C3F7.0-17-1', TIMESTAMP '2013-02-19 10:28:52.623', 'http://demo.oridashi.com.au:8298/Observation/070D9B53D573D23CB1B7CF4FDC14C3F7.0-17-1/_history/20130219045852', 'FINAL', '070D9B53D573D23CB1B7CF4FDC14C3F7.1-307'),
('070D9B53D573D23CB1B7CF4FDC14C3F7.0-17-2', TIMESTAMP '2013-02-19 10:28:52.623', 'http://demo.oridashi.com.au:8298/Observation/070D9B53D573D23CB1B7CF4FDC14C3F7.0-17-2/_history/20130219045852', 'FINAL', '070D9B53D573D23CB1B7CF4FDC14C3F7.1-307'),
('070D9B53D573D23CB1B7CF4FDC14C3F7.0-5-1', TIMESTAMP '2013-02-19 10:28:49.263', 'http://demo.oridashi.com.au:8298/Observation/070D9B53D573D23CB1B7CF4FDC14C3F7.0-5-1/_history/20130219045849', 'FINAL', '070D9B53D573D23CB1B7CF4FDC14C3F7.1-307'),
('070D9B53D573D23CB1B7CF4FDC14C3F7.0-3-1', TIMESTAMP '2013-02-19 10:28:22.507', 'http://demo.oridashi.com.au:8298/Observation/070D9B53D573D23CB1B7CF4FDC14C3F7.0-3-1/_history/20130219045822', 'FINAL', '070D9B53D573D23CB1B7CF4FDC14C3F7.1-307'),
('070D9B53D573D23CB1B7CF4FDC14C3F7.0-34-1', TIMESTAMP '2013-02-19 10:27:47.737', 'http://demo.oridashi.com.au:8298/Observation/070D9B53D573D23CB1B7CF4FDC14C3F7.0-34-1/_history/20130219045747', 'FINAL', '070D9B53D573D23CB1B7CF4FDC14C3F7.1-307'),
('070D9B53D573D23CB1B7CF4FDC14C3F7.0-31-2', TIMESTAMP '2013-02-19 10:27:03.117', 'http://demo.oridashi.com.au:8298/Observation/070D9B53D573D23CB1B7CF4FDC14C3F7.0-31-2/_history/20130219045703', 'FINAL', '070D9B53D573D23CB1B7CF4FDC14C3F7.1-307'),
('070D9B53D573D23CB1B7CF4FDC14C3F7.0-31-3', TIMESTAMP '2013-02-19 10:27:03.117', 'http://demo.oridashi.com.au:8298/Observation/070D9B53D573D23CB1B7CF4FDC14C3F7.0-31-3/_history/20130219045703', 'FINAL', '070D9B53D573D23CB1B7CF4FDC14C3F7.1-307'),
('070D9B53D573D23CB1B7CF4FDC14C3F7.0-39-1', TIMESTAMP '2013-02-18 07:05:58.833', 'http://demo.oridashi.com.au:8298/Observation/070D9B53D573D23CB1B7CF4FDC14C3F7.0-39-1/_history/20130218013558', 'FINAL', '070D9B53D573D23CB1B7CF4FDC14C3F7.1-307');  
INSERT INTO PUBLIC.OBSERVATION(ID, EFFECTIVE_START_PERIOD, FULL_ID, STATUS, ENCOUNTER) VALUES
('070D9B53D573D23CB1B7CF4FDC14C3F7.0-39-2', TIMESTAMP '2013-02-18 07:05:58.833', 'http://demo.oridashi.com.au:8298/Observation/070D9B53D573D23CB1B7CF4FDC14C3F7.0-39-2/_history/20130218013558', 'FINAL', '070D9B53D573D23CB1B7CF4FDC14C3F7.1-307'),
('070D9B53D573D23CB1B7CF4FDC14C3F7.1-2138', TIMESTAMP '2017-11-09 06:18:23.0', 'http://demo.oridashi.com.au:8298/Observation/070D9B53D573D23CB1B7CF4FDC14C3F7.1-2138/_history/20171109004823', 'FINAL', '070D9B53D573D23CB1B7CF4FDC14C3F7.1-307'),
('070D9B53D573D23CB1B7CF4FDC14C3F7.1-2140', TIMESTAMP '2017-11-09 06:18:23.0', 'http://demo.oridashi.com.au:8298/Observation/070D9B53D573D23CB1B7CF4FDC14C3F7.1-2140/_history/20171109004823', 'FINAL', '070D9B53D573D23CB1B7CF4FDC14C3F7.1-306'),
('070D9B53D573D23CB1B7CF4FDC14C3F7.1-2135', TIMESTAMP '2016-11-11 08:05:18.0', 'http://demo.oridashi.com.au:8298/Observation/070D9B53D573D23CB1B7CF4FDC14C3F7.1-2135/_history/20161111023518', 'FINAL', '070D9B53D573D23CB1B7CF4FDC14C3F7.1-306'),
('070D9B53D573D23CB1B7CF4FDC14C3F7.1-2137', TIMESTAMP '2016-11-11 08:05:18.0', 'http://demo.oridashi.com.au:8298/Observation/070D9B53D573D23CB1B7CF4FDC14C3F7.1-2137/_history/20161111023518', 'FINAL', '070D9B53D573D23CB1B7CF4FDC14C3F7.1-306'),
('070D9B53D573D23CB1B7CF4FDC14C3F7.1-2132', TIMESTAMP '2016-05-12 09:22:42.0', 'http://demo.oridashi.com.au:8298/Observation/070D9B53D573D23CB1B7CF4FDC14C3F7.1-2132/_history/20160512035242', 'FINAL', '070D9B53D573D23CB1B7CF4FDC14C3F7.1-306'),
('070D9B53D573D23CB1B7CF4FDC14C3F7.1-2134', TIMESTAMP '2016-05-12 09:22:42.0', 'http://demo.oridashi.com.au:8298/Observation/070D9B53D573D23CB1B7CF4FDC14C3F7.1-2134/_history/20160512035242', 'FINAL', '070D9B53D573D23CB1B7CF4FDC14C3F7.1-306'),
('070D9B53D573D23CB1B7CF4FDC14C3F7.1-2129', TIMESTAMP '2015-11-19 06:24:45.0', 'http://demo.oridashi.com.au:8298/Observation/070D9B53D573D23CB1B7CF4FDC14C3F7.1-2129/_history/20151119005445', 'FINAL', '070D9B53D573D23CB1B7CF4FDC14C3F7.1-306'),
('070D9B53D573D23CB1B7CF4FDC14C3F7.1-2131', TIMESTAMP '2015-11-19 06:24:45.0', 'http://demo.oridashi.com.au:8298/Observation/070D9B53D573D23CB1B7CF4FDC14C3F7.1-2131/_history/20151119005445', 'FINAL', '070D9B53D573D23CB1B7CF4FDC14C3F7.1-306'),
('070D9B53D573D23CB1B7CF4FDC14C3F7.1-2126', TIMESTAMP '2015-05-12 07:54:04.0', 'http://demo.oridashi.com.au:8298/Observation/070D9B53D573D23CB1B7CF4FDC14C3F7.1-2126/_history/20150512022404', 'FINAL', '070D9B53D573D23CB1B7CF4FDC14C3F7.1-306'),
('070D9B53D573D23CB1B7CF4FDC14C3F7.1-2128', TIMESTAMP '2015-05-12 07:54:04.0', 'http://demo.oridashi.com.au:8298/Observation/070D9B53D573D23CB1B7CF4FDC14C3F7.1-2128/_history/20150512022404', 'FINAL', '070D9B53D573D23CB1B7CF4FDC14C3F7.1-306'),
('070D9B53D573D23CB1B7CF4FDC14C3F7.1-2123', TIMESTAMP '2014-11-22 07:52:53.0', 'http://demo.oridashi.com.au:8298/Observation/070D9B53D573D23CB1B7CF4FDC14C3F7.1-2123/_history/20141122022253', 'FINAL', '070D9B53D573D23CB1B7CF4FDC14C3F7.1-306'),
('070D9B53D573D23CB1B7CF4FDC14C3F7.1-2125', TIMESTAMP '2014-11-22 07:52:53.0', 'http://demo.oridashi.com.au:8298/Observation/070D9B53D573D23CB1B7CF4FDC14C3F7.1-2125/_history/20141122022253', 'FINAL', '070D9B53D573D23CB1B7CF4FDC14C3F7.1-305'),
('070D9B53D573D23CB1B7CF4FDC14C3F7.1-2120', TIMESTAMP '2014-05-09 10:03:46.0', 'http://demo.oridashi.com.au:8298/Observation/070D9B53D573D23CB1B7CF4FDC14C3F7.1-2120/_history/20140509043346', 'FINAL', '070D9B53D573D23CB1B7CF4FDC14C3F7.1-305'),
('070D9B53D573D23CB1B7CF4FDC14C3F7.1-2122', TIMESTAMP '2014-05-09 10:03:46.0', 'http://demo.oridashi.com.au:8298/Observation/070D9B53D573D23CB1B7CF4FDC14C3F7.1-2122/_history/20140509043346', 'FINAL', '070D9B53D573D23CB1B7CF4FDC14C3F7.1-305'),
('070D9B53D573D23CB1B7CF4FDC14C3F7.1-1976', TIMESTAMP '2014-03-23 08:41:39.0', 'http://demo.oridashi.com.au:8298/Observation/070D9B53D573D23CB1B7CF4FDC14C3F7.1-1976/_history/20140323031139', 'FINAL', '070D9B53D573D23CB1B7CF4FDC14C3F7.1-305'),
('070D9B53D573D23CB1B7CF4FDC14C3F7.1-1978', TIMESTAMP '2014-03-23 08:41:39.0', 'http://demo.oridashi.com.au:8298/Observation/070D9B53D573D23CB1B7CF4FDC14C3F7.1-1978/_history/20140323031139', 'FINAL', '070D9B53D573D23CB1B7CF4FDC14C3F7.1-305');             
INSERT INTO PUBLIC.OBSERVATION(ID, EFFECTIVE_START_PERIOD, FULL_ID, STATUS, ENCOUNTER) VALUES
('070D9B53D573D23CB1B7CF4FDC14C3F7.1-2117', TIMESTAMP '2013-11-22 04:17:25.0', 'http://demo.oridashi.com.au:8298/Observation/070D9B53D573D23CB1B7CF4FDC14C3F7.1-2117/_history/20131121224725', 'FINAL', '070D9B53D573D23CB1B7CF4FDC14C3F7.1-305'),
('070D9B53D573D23CB1B7CF4FDC14C3F7.1-2119', TIMESTAMP '2013-11-22 04:17:25.0', 'http://demo.oridashi.com.au:8298/Observation/070D9B53D573D23CB1B7CF4FDC14C3F7.1-2119/_history/20131121224725', 'FINAL', '070D9B53D573D23CB1B7CF4FDC14C3F7.1-305'),
('070D9B53D573D23CB1B7CF4FDC14C3F7.1-4160', TIMESTAMP '2013-04-10 11:25:58.0', 'http://demo.oridashi.com.au:8298/Observation/070D9B53D573D23CB1B7CF4FDC14C3F7.1-4160/_history/20130410055558', 'FINAL', '070D9B53D573D23CB1B7CF4FDC14C3F7.1-305'),
('070D9B53D573D23CB1B7CF4FDC14C3F7.1-4159', TIMESTAMP '2013-04-10 11:25:58.0', 'http://demo.oridashi.com.au:8298/Observation/070D9B53D573D23CB1B7CF4FDC14C3F7.1-4159/_history/20130410055558', 'FINAL', '070D9B53D573D23CB1B7CF4FDC14C3F7.1-305'),
('070D9B53D573D23CB1B7CF4FDC14C3F7.1-4158', TIMESTAMP '2013-04-10 11:25:58.0', 'http://demo.oridashi.com.au:8298/Observation/070D9B53D573D23CB1B7CF4FDC14C3F7.1-4158/_history/20130410055558', 'FINAL', '070D9B53D573D23CB1B7CF4FDC14C3F7.1-305'),
('070D9B53D573D23CB1B7CF4FDC14C3F7.1-4157', TIMESTAMP '2013-04-10 11:25:58.0', 'http://demo.oridashi.com.au:8298/Observation/070D9B53D573D23CB1B7CF4FDC14C3F7.1-4157/_history/20130410055558', 'FINAL', '070D9B53D573D23CB1B7CF4FDC14C3F7.1-304'),
('070D9B53D573D23CB1B7CF4FDC14C3F7.1-1973', TIMESTAMP '2013-03-26 10:16:15.0', 'http://demo.oridashi.com.au:8298/Observation/070D9B53D573D23CB1B7CF4FDC14C3F7.1-1973/_history/20130326044615', 'FINAL', '070D9B53D573D23CB1B7CF4FDC14C3F7.1-304'),
('070D9B53D573D23CB1B7CF4FDC14C3F7.1-1975', TIMESTAMP '2013-03-26 10:16:15.0', 'http://demo.oridashi.com.au:8298/Observation/070D9B53D573D23CB1B7CF4FDC14C3F7.1-1975/_history/20130326044615', 'FINAL', '070D9B53D573D23CB1B7CF4FDC14C3F7.1-304'),
('070D9B53D573D23CB1B7CF4FDC14C3F7.1-6836', TIMESTAMP '1997-10-28 06:32:32.0', 'http://demo.oridashi.com.au:8298/Observation/070D9B53D573D23CB1B7CF4FDC14C3F7.1-6836/_history/20130222013300', 'FINAL', '070D9B53D573D23CB1B7CF4FDC14C3F7.1-304'),
('070D9B53D573D23CB1B7CF4FDC14C3F7.1-6838', TIMESTAMP '1997-10-28 06:32:32.0', 'http://demo.oridashi.com.au:8298/Observation/070D9B53D573D23CB1B7CF4FDC14C3F7.1-6838/_history/20130222013300', 'FINAL', '070D9B53D573D23CB1B7CF4FDC14C3F7.1-304'),
('070D9B53D573D23CB1B7CF4FDC14C3F7.1-6839', TIMESTAMP '1997-10-28 06:37:46.0', 'http://demo.oridashi.com.au:8298/Observation/070D9B53D573D23CB1B7CF4FDC14C3F7.1-6839/_history/20130222013300', 'FINAL', '070D9B53D573D23CB1B7CF4FDC14C3F7.1-304'),
('070D9B53D573D23CB1B7CF4FDC14C3F7.1-6840', TIMESTAMP '1997-10-28 06:37:46.0', 'http://demo.oridashi.com.au:8298/Observation/070D9B53D573D23CB1B7CF4FDC14C3F7.1-6840/_history/20130222013300', 'FINAL', '070D9B53D573D23CB1B7CF4FDC14C3F7.1-304'),
('070D9B53D573D23CB1B7CF4FDC14C3F7.1-6841', TIMESTAMP '1997-10-28 06:37:46.0', 'http://demo.oridashi.com.au:8298/Observation/070D9B53D573D23CB1B7CF4FDC14C3F7.1-6841/_history/20130222013300', 'FINAL', '070D9B53D573D23CB1B7CF4FDC14C3F7.1-304'),
('070D9B53D573D23CB1B7CF4FDC14C3F7.1-6842', TIMESTAMP '1997-12-22 06:44:02.0', 'http://demo.oridashi.com.au:8298/Observation/070D9B53D573D23CB1B7CF4FDC14C3F7.1-6842/_history/20130222013300', 'FINAL', '070D9B53D573D23CB1B7CF4FDC14C3F7.1-304'),
('070D9B53D573D23CB1B7CF4FDC14C3F7.1-6843', TIMESTAMP '1997-12-22 06:44:02.0', 'http://demo.oridashi.com.au:8298/Observation/070D9B53D573D23CB1B7CF4FDC14C3F7.1-6843/_history/20130222013300', 'FINAL', '070D9B53D573D23CB1B7CF4FDC14C3F7.1-304'),
('070D9B53D573D23CB1B7CF4FDC14C3F7.1-6845', TIMESTAMP '1998-02-19 06:46:45.0', 'http://demo.oridashi.com.au:8298/Observation/070D9B53D573D23CB1B7CF4FDC14C3F7.1-6845/_history/20130222013300', 'FINAL', '070D9B53D573D23CB1B7CF4FDC14C3F7.1-303'),
('070D9B53D573D23CB1B7CF4FDC14C3F7.1-6846', TIMESTAMP '1998-02-19 06:46:45.0', 'http://demo.oridashi.com.au:8298/Observation/070D9B53D573D23CB1B7CF4FDC14C3F7.1-6846/_history/20130222013300', 'FINAL', '070D9B53D573D23CB1B7CF4FDC14C3F7.1-303');               
INSERT INTO PUBLIC.OBSERVATION(ID, EFFECTIVE_START_PERIOD, FULL_ID, STATUS, ENCOUNTER) VALUES
('070D9B53D573D23CB1B7CF4FDC14C3F7.1-6848', TIMESTAMP '1998-03-16 06:47:48.0', 'http://demo.oridashi.com.au:8298/Observation/070D9B53D573D23CB1B7CF4FDC14C3F7.1-6848/_history/20130222013300', 'FINAL', '070D9B53D573D23CB1B7CF4FDC14C3F7.1-303'),
('070D9B53D573D23CB1B7CF4FDC14C3F7.1-6849', TIMESTAMP '1998-03-16 06:47:48.0', 'http://demo.oridashi.com.au:8298/Observation/070D9B53D573D23CB1B7CF4FDC14C3F7.1-6849/_history/20130222013300', 'FINAL', '070D9B53D573D23CB1B7CF4FDC14C3F7.1-303'),
('070D9B53D573D23CB1B7CF4FDC14C3F7.1-6851', TIMESTAMP '1998-04-14 07:48:43.0', 'http://demo.oridashi.com.au:8298/Observation/070D9B53D573D23CB1B7CF4FDC14C3F7.1-6851/_history/20130222013300', 'FINAL', '070D9B53D573D23CB1B7CF4FDC14C3F7.1-303'),
('070D9B53D573D23CB1B7CF4FDC14C3F7.1-6852', TIMESTAMP '1998-04-14 07:48:43.0', 'http://demo.oridashi.com.au:8298/Observation/070D9B53D573D23CB1B7CF4FDC14C3F7.1-6852/_history/20130222013300', 'FINAL', '070D9B53D573D23CB1B7CF4FDC14C3F7.1-303'),
('070D9B53D573D23CB1B7CF4FDC14C3F7.1-6854', TIMESTAMP '1998-04-14 19:30:00.0', 'http://demo.oridashi.com.au:8298/Observation/070D9B53D573D23CB1B7CF4FDC14C3F7.1-6854/_history/20130222013300', 'FINAL', '070D9B53D573D23CB1B7CF4FDC14C3F7.1-303'),
('070D9B53D573D23CB1B7CF4FDC14C3F7.1-6855', TIMESTAMP '1998-04-14 19:30:00.0', 'http://demo.oridashi.com.au:8298/Observation/070D9B53D573D23CB1B7CF4FDC14C3F7.1-6855/_history/20130222013300', 'FINAL', '070D9B53D573D23CB1B7CF4FDC14C3F7.1-303'),
('070D9B53D573D23CB1B7CF4FDC14C3F7.1-6856', TIMESTAMP '1998-06-17 18:58:19.0', 'http://demo.oridashi.com.au:8298/Observation/070D9B53D573D23CB1B7CF4FDC14C3F7.1-6856/_history/20130222013300', 'FINAL', '070D9B53D573D23CB1B7CF4FDC14C3F7.1-303'),
('070D9B53D573D23CB1B7CF4FDC14C3F7.1-6857', TIMESTAMP '1998-06-17 18:58:19.0', 'http://demo.oridashi.com.au:8298/Observation/070D9B53D573D23CB1B7CF4FDC14C3F7.1-6857/_history/20130222013300', 'FINAL', '070D9B53D573D23CB1B7CF4FDC14C3F7.1-303'),
('070D9B53D573D23CB1B7CF4FDC14C3F7.1-6859', TIMESTAMP '1998-07-08 09:59:59.0', 'http://demo.oridashi.com.au:8298/Observation/070D9B53D573D23CB1B7CF4FDC14C3F7.1-6859/_history/20130222013300', 'FINAL', '070D9B53D573D23CB1B7CF4FDC14C3F7.1-423'),
('070D9B53D573D23CB1B7CF4FDC14C3F7.1-6860', TIMESTAMP '1998-07-08 09:59:59.0', 'http://demo.oridashi.com.au:8298/Observation/070D9B53D573D23CB1B7CF4FDC14C3F7.1-6860/_history/20130222013300', 'FINAL', '070D9B53D573D23CB1B7CF4FDC14C3F7.1-423'),
('070D9B53D573D23CB1B7CF4FDC14C3F7.1-6862', TIMESTAMP '1999-07-12 05:42:49.0', 'http://demo.oridashi.com.au:8298/Observation/070D9B53D573D23CB1B7CF4FDC14C3F7.1-6862/_history/20130222013300', 'FINAL', '070D9B53D573D23CB1B7CF4FDC14C3F7.1-423'),
('070D9B53D573D23CB1B7CF4FDC14C3F7.1-6864', TIMESTAMP '1999-07-12 05:42:49.0', 'http://demo.oridashi.com.au:8298/Observation/070D9B53D573D23CB1B7CF4FDC14C3F7.1-6864/_history/20130222013300', 'FINAL', '070D9B53D573D23CB1B7CF4FDC14C3F7.1-423'),
('070D9B53D573D23CB1B7CF4FDC14C3F7.1-6865', TIMESTAMP '1999-07-12 05:43:10.0', 'http://demo.oridashi.com.au:8298/Observation/070D9B53D573D23CB1B7CF4FDC14C3F7.1-6865/_history/20130222013300', 'FINAL', '070D9B53D573D23CB1B7CF4FDC14C3F7.1-423'),
('070D9B53D573D23CB1B7CF4FDC14C3F7.1-6866', TIMESTAMP '1999-07-12 05:43:10.0', 'http://demo.oridashi.com.au:8298/Observation/070D9B53D573D23CB1B7CF4FDC14C3F7.1-6866/_history/20130222013300', 'FINAL', '070D9B53D573D23CB1B7CF4FDC14C3F7.1-423'),
('070D9B53D573D23CB1B7CF4FDC14C3F7.1-6867', TIMESTAMP '1999-07-12 05:43:10.0', 'http://demo.oridashi.com.au:8298/Observation/070D9B53D573D23CB1B7CF4FDC14C3F7.1-6867/_history/20130222013300', 'FINAL', '070D9B53D573D23CB1B7CF4FDC14C3F7.1-423'),
('070D9B53D573D23CB1B7CF4FDC14C3F7.1-6868', TIMESTAMP '1999-09-11 11:31:29.0', 'http://demo.oridashi.com.au:8298/Observation/070D9B53D573D23CB1B7CF4FDC14C3F7.1-6868/_history/20130222013300', 'FINAL', '070D9B53D573D23CB1B7CF4FDC14C3F7.1-423'),
('070D9B53D573D23CB1B7CF4FDC14C3F7.1-6869', TIMESTAMP '1999-09-11 11:31:29.0', 'http://demo.oridashi.com.au:8298/Observation/070D9B53D573D23CB1B7CF4FDC14C3F7.1-6869/_history/20130222013300', 'FINAL', '070D9B53D573D23CB1B7CF4FDC14C3F7.1-423');               
INSERT INTO PUBLIC.OBSERVATION(ID, EFFECTIVE_START_PERIOD, FULL_ID, STATUS, ENCOUNTER) VALUES
('070D9B53D573D23CB1B7CF4FDC14C3F7.1-6871', TIMESTAMP '1999-10-22 06:38:27.0', 'http://demo.oridashi.com.au:8298/Observation/070D9B53D573D23CB1B7CF4FDC14C3F7.1-6871/_history/20130222013300', 'FINAL', '070D9B53D573D23CB1B7CF4FDC14C3F7.1-423'),
('070D9B53D573D23CB1B7CF4FDC14C3F7.1-6872', TIMESTAMP '1999-10-22 06:38:27.0', 'http://demo.oridashi.com.au:8298/Observation/070D9B53D573D23CB1B7CF4FDC14C3F7.1-6872/_history/20130222013300', 'FINAL', '070D9B53D573D23CB1B7CF4FDC14C3F7.1-422'),
('070D9B53D573D23CB1B7CF4FDC14C3F7.1-6874', TIMESTAMP '1999-11-25 08:20:55.0', 'http://demo.oridashi.com.au:8298/Observation/070D9B53D573D23CB1B7CF4FDC14C3F7.1-6874/_history/20130222013300', 'FINAL', '070D9B53D573D23CB1B7CF4FDC14C3F7.1-422'),
('070D9B53D573D23CB1B7CF4FDC14C3F7.1-6875', TIMESTAMP '1999-11-25 08:20:55.0', 'http://demo.oridashi.com.au:8298/Observation/070D9B53D573D23CB1B7CF4FDC14C3F7.1-6875/_history/20130222013300', 'FINAL', '070D9B53D573D23CB1B7CF4FDC14C3F7.1-422'),
('070D9B53D573D23CB1B7CF4FDC14C3F7.1-6877', TIMESTAMP '2000-01-13 09:11:48.0', 'http://demo.oridashi.com.au:8298/Observation/070D9B53D573D23CB1B7CF4FDC14C3F7.1-6877/_history/20130222013300', 'FINAL', '070D9B53D573D23CB1B7CF4FDC14C3F7.1-422'),
('070D9B53D573D23CB1B7CF4FDC14C3F7.1-6878', TIMESTAMP '2000-01-13 09:11:48.0', 'http://demo.oridashi.com.au:8298/Observation/070D9B53D573D23CB1B7CF4FDC14C3F7.1-6878/_history/20130222013300', 'FINAL', '070D9B53D573D23CB1B7CF4FDC14C3F7.1-422'),
('070D9B53D573D23CB1B7CF4FDC14C3F7.1-6880', TIMESTAMP '2000-03-09 10:51:53.0', 'http://demo.oridashi.com.au:8298/Observation/070D9B53D573D23CB1B7CF4FDC14C3F7.1-6880/_history/20130222013300', 'FINAL', '070D9B53D573D23CB1B7CF4FDC14C3F7.1-422'),
('070D9B53D573D23CB1B7CF4FDC14C3F7.1-6882', TIMESTAMP '2000-03-09 10:52:13.0', 'http://demo.oridashi.com.au:8298/Observation/070D9B53D573D23CB1B7CF4FDC14C3F7.1-6882/_history/20130222013300', 'FINAL', '070D9B53D573D23CB1B7CF4FDC14C3F7.1-422'),
('070D9B53D573D23CB1B7CF4FDC14C3F7.1-6883', TIMESTAMP '2000-03-09 10:52:13.0', 'http://demo.oridashi.com.au:8298/Observation/070D9B53D573D23CB1B7CF4FDC14C3F7.1-6883/_history/20130222013300', 'FINAL', '070D9B53D573D23CB1B7CF4FDC14C3F7.1-422'),
('070D9B53D573D23CB1B7CF4FDC14C3F7.1-6884', TIMESTAMP '2000-03-09 10:52:13.0', 'http://demo.oridashi.com.au:8298/Observation/070D9B53D573D23CB1B7CF4FDC14C3F7.1-6884/_history/20130222013300', 'FINAL', '070D9B53D573D23CB1B7CF4FDC14C3F7.1-422'),
('070D9B53D573D23CB1B7CF4FDC14C3F7.1-6885', TIMESTAMP '2000-04-20 17:04:39.0', 'http://demo.oridashi.com.au:8298/Observation/070D9B53D573D23CB1B7CF4FDC14C3F7.1-6885/_history/20130222013300', 'FINAL', '070D9B53D573D23CB1B7CF4FDC14C3F7.1-422'),
('070D9B53D573D23CB1B7CF4FDC14C3F7.1-6887', TIMESTAMP '2000-04-20 17:04:39.0', 'http://demo.oridashi.com.au:8298/Observation/070D9B53D573D23CB1B7CF4FDC14C3F7.1-6887/_history/20130222013300', 'FINAL', '070D9B53D573D23CB1B7CF4FDC14C3F7.1-484'),
('070D9B53D573D23CB1B7CF4FDC14C3F7.1-6888', TIMESTAMP '2000-04-20 17:04:55.0', 'http://demo.oridashi.com.au:8298/Observation/070D9B53D573D23CB1B7CF4FDC14C3F7.1-6888/_history/20130222013300', 'FINAL', '070D9B53D573D23CB1B7CF4FDC14C3F7.1-484'),
('070D9B53D573D23CB1B7CF4FDC14C3F7.1-6889', TIMESTAMP '2000-04-20 17:04:55.0', 'http://demo.oridashi.com.au:8298/Observation/070D9B53D573D23CB1B7CF4FDC14C3F7.1-6889/_history/20130222013300', 'FINAL', '070D9B53D573D23CB1B7CF4FDC14C3F7.1-484'),
('070D9B53D573D23CB1B7CF4FDC14C3F7.1-6890', TIMESTAMP '2000-04-20 17:04:55.0', 'http://demo.oridashi.com.au:8298/Observation/070D9B53D573D23CB1B7CF4FDC14C3F7.1-6890/_history/20130222013300', 'FINAL', '070D9B53D573D23CB1B7CF4FDC14C3F7.1-484'),
('070D9B53D573D23CB1B7CF4FDC14C3F7.1-6891', TIMESTAMP '2003-02-14 08:07:02.0', 'http://demo.oridashi.com.au:8298/Observation/070D9B53D573D23CB1B7CF4FDC14C3F7.1-6891/_history/20130222013300', 'FINAL', '070D9B53D573D23CB1B7CF4FDC14C3F7.1-484'),
('070D9B53D573D23CB1B7CF4FDC14C3F7.1-6892', TIMESTAMP '2003-02-14 08:07:02.0', 'http://demo.oridashi.com.au:8298/Observation/070D9B53D573D23CB1B7CF4FDC14C3F7.1-6892/_history/20130222013300', 'FINAL', '070D9B53D573D23CB1B7CF4FDC14C3F7.1-484');               
INSERT INTO PUBLIC.OBSERVATION(ID, EFFECTIVE_START_PERIOD, FULL_ID, STATUS, ENCOUNTER) VALUES
('070D9B53D573D23CB1B7CF4FDC14C3F7.1-6893', TIMESTAMP '2003-02-14 08:10:26.0', 'http://demo.oridashi.com.au:8298/Observation/070D9B53D573D23CB1B7CF4FDC14C3F7.1-6893/_history/20130222013300', 'FINAL', '070D9B53D573D23CB1B7CF4FDC14C3F7.1-484'),
('070D9B53D573D23CB1B7CF4FDC14C3F7.1-6894', TIMESTAMP '2003-02-14 08:10:26.0', 'http://demo.oridashi.com.au:8298/Observation/070D9B53D573D23CB1B7CF4FDC14C3F7.1-6894/_history/20130222013300', 'FINAL', '070D9B53D573D23CB1B7CF4FDC14C3F7.1-484'),
('070D9B53D573D23CB1B7CF4FDC14C3F7.1-6896', TIMESTAMP '2003-06-18 09:12:27.0', 'http://demo.oridashi.com.au:8298/Observation/070D9B53D573D23CB1B7CF4FDC14C3F7.1-6896/_history/20130222013300', 'FINAL', '070D9B53D573D23CB1B7CF4FDC14C3F7.1-484'),
('070D9B53D573D23CB1B7CF4FDC14C3F7.1-6897', TIMESTAMP '2003-06-18 09:12:27.0', 'http://demo.oridashi.com.au:8298/Observation/070D9B53D573D23CB1B7CF4FDC14C3F7.1-6897/_history/20130222013300', 'FINAL', '070D9B53D573D23CB1B7CF4FDC14C3F7.1-484'),
('070D9B53D573D23CB1B7CF4FDC14C3F7.1-6899', TIMESTAMP '2003-09-05 09:14:00.0', 'http://demo.oridashi.com.au:8298/Observation/070D9B53D573D23CB1B7CF4FDC14C3F7.1-6899/_history/20130222013300', 'FINAL', '070D9B53D573D23CB1B7CF4FDC14C3F7.1-531'),
('070D9B53D573D23CB1B7CF4FDC14C3F7.1-6900', TIMESTAMP '2003-09-05 09:14:00.0', 'http://demo.oridashi.com.au:8298/Observation/070D9B53D573D23CB1B7CF4FDC14C3F7.1-6900/_history/20130222013300', 'FINAL', '070D9B53D573D23CB1B7CF4FDC14C3F7.1-531'),
('070D9B53D573D23CB1B7CF4FDC14C3F7.1-6902', TIMESTAMP '2003-09-19 09:17:18.0', 'http://demo.oridashi.com.au:8298/Observation/070D9B53D573D23CB1B7CF4FDC14C3F7.1-6902/_history/20130222013300', 'FINAL', '070D9B53D573D23CB1B7CF4FDC14C3F7.1-531'),
('070D9B53D573D23CB1B7CF4FDC14C3F7.1-6903', TIMESTAMP '2003-09-19 09:17:18.0', 'http://demo.oridashi.com.au:8298/Observation/070D9B53D573D23CB1B7CF4FDC14C3F7.1-6903/_history/20130222013300', 'FINAL', '070D9B53D573D23CB1B7CF4FDC14C3F7.1-531'),
('070D9B53D573D23CB1B7CF4FDC14C3F7.1-6905', TIMESTAMP '2003-11-04 08:19:54.0', 'http://demo.oridashi.com.au:8298/Observation/070D9B53D573D23CB1B7CF4FDC14C3F7.1-6905/_history/20130222013300', 'FINAL', '070D9B53D573D23CB1B7CF4FDC14C3F7.1-531'),
('070D9B53D573D23CB1B7CF4FDC14C3F7.1-6907', TIMESTAMP '2003-11-04 08:19:54.0', 'http://demo.oridashi.com.au:8298/Observation/070D9B53D573D23CB1B7CF4FDC14C3F7.1-6907/_history/20130222013300', 'FINAL', '070D9B53D573D23CB1B7CF4FDC14C3F7.1-531'),
('070D9B53D573D23CB1B7CF4FDC14C3F7.1-6908', TIMESTAMP '2003-11-04 08:20:08.0', 'http://demo.oridashi.com.au:8298/Observation/070D9B53D573D23CB1B7CF4FDC14C3F7.1-6908/_history/20130222013300', 'FINAL', '070D9B53D573D23CB1B7CF4FDC14C3F7.1-531'),
('070D9B53D573D23CB1B7CF4FDC14C3F7.1-6909', TIMESTAMP '2003-11-04 08:20:08.0', 'http://demo.oridashi.com.au:8298/Observation/070D9B53D573D23CB1B7CF4FDC14C3F7.1-6909/_history/20130222013300', 'FINAL', '070D9B53D573D23CB1B7CF4FDC14C3F7.1-531'),
('070D9B53D573D23CB1B7CF4FDC14C3F7.1-6910', TIMESTAMP '2003-11-04 08:20:08.0', 'http://demo.oridashi.com.au:8298/Observation/070D9B53D573D23CB1B7CF4FDC14C3F7.1-6910/_history/20130222013300', 'FINAL', '070D9B53D573D23CB1B7CF4FDC14C3F7.1-531'),
('070D9B53D573D23CB1B7CF4FDC14C3F7.1-6913', TIMESTAMP '2006-10-09 19:30:00.0', 'http://demo.oridashi.com.au:8298/Observation/070D9B53D573D23CB1B7CF4FDC14C3F7.1-6913/_history/20130222013300', 'FINAL', '070D9B53D573D23CB1B7CF4FDC14C3F7.1-531'),
('070D9B53D573D23CB1B7CF4FDC14C3F7.1-6914', TIMESTAMP '2006-10-09 19:30:00.0', 'http://demo.oridashi.com.au:8298/Observation/070D9B53D573D23CB1B7CF4FDC14C3F7.1-6914/_history/20130222013300', 'FINAL', '070D9B53D573D23CB1B7CF4FDC14C3F7.1-588'),
('070D9B53D573D23CB1B7CF4FDC14C3F7.1-6915', TIMESTAMP '2006-10-09 19:30:00.0', 'http://demo.oridashi.com.au:8298/Observation/070D9B53D573D23CB1B7CF4FDC14C3F7.1-6915/_history/20130222013300', 'FINAL', '070D9B53D573D23CB1B7CF4FDC14C3F7.1-588'),
('070D9B53D573D23CB1B7CF4FDC14C3F7.1-6916', TIMESTAMP '2006-10-09 19:30:00.0', 'http://demo.oridashi.com.au:8298/Observation/070D9B53D573D23CB1B7CF4FDC14C3F7.1-6916/_history/20130222013300', 'FINAL', '070D9B53D573D23CB1B7CF4FDC14C3F7.1-588');               
INSERT INTO PUBLIC.OBSERVATION(ID, EFFECTIVE_START_PERIOD, FULL_ID, STATUS, ENCOUNTER) VALUES
('070D9B53D573D23CB1B7CF4FDC14C3F7.1-6917', TIMESTAMP '2006-10-10 05:25:21.0', 'http://demo.oridashi.com.au:8298/Observation/070D9B53D573D23CB1B7CF4FDC14C3F7.1-6917/_history/20130222013300', 'FINAL', '070D9B53D573D23CB1B7CF4FDC14C3F7.1-588'),
('070D9B53D573D23CB1B7CF4FDC14C3F7.1-6919', TIMESTAMP '2006-10-10 05:25:35.0', 'http://demo.oridashi.com.au:8298/Observation/070D9B53D573D23CB1B7CF4FDC14C3F7.1-6919/_history/20130222013300', 'FINAL', '070D9B53D573D23CB1B7CF4FDC14C3F7.1-588'),
('070D9B53D573D23CB1B7CF4FDC14C3F7.1-6920', TIMESTAMP '2006-10-10 05:25:35.0', 'http://demo.oridashi.com.au:8298/Observation/070D9B53D573D23CB1B7CF4FDC14C3F7.1-6920/_history/20130222013300', 'FINAL', '070D9B53D573D23CB1B7CF4FDC14C3F7.1-588'),
('070D9B53D573D23CB1B7CF4FDC14C3F7.1-6921', TIMESTAMP '2006-10-10 05:25:35.0', 'http://demo.oridashi.com.au:8298/Observation/070D9B53D573D23CB1B7CF4FDC14C3F7.1-6921/_history/20130222013300', 'FINAL', '070D9B53D573D23CB1B7CF4FDC14C3F7.1-588'),
('070D9B53D573D23CB1B7CF4FDC14C3F7.1-6922', TIMESTAMP '2006-12-04 18:30:00.0', 'http://demo.oridashi.com.au:8298/Observation/070D9B53D573D23CB1B7CF4FDC14C3F7.1-6922/_history/20130222013300', 'FINAL', '070D9B53D573D23CB1B7CF4FDC14C3F7.1-588'),
('070D9B53D573D23CB1B7CF4FDC14C3F7.1-6923', TIMESTAMP '2006-12-04 18:30:00.0', 'http://demo.oridashi.com.au:8298/Observation/070D9B53D573D23CB1B7CF4FDC14C3F7.1-6923/_history/20130222013300', 'FINAL', '070D9B53D573D23CB1B7CF4FDC14C3F7.1-588'),
('070D9B53D573D23CB1B7CF4FDC14C3F7.1-6924', TIMESTAMP '2006-12-04 18:30:00.0', 'http://demo.oridashi.com.au:8298/Observation/070D9B53D573D23CB1B7CF4FDC14C3F7.1-6924/_history/20130222013300', 'FINAL', '070D9B53D573D23CB1B7CF4FDC14C3F7.1-588'),
('070D9B53D573D23CB1B7CF4FDC14C3F7.1-6925', TIMESTAMP '2006-12-04 18:30:00.0', 'http://demo.oridashi.com.au:8298/Observation/070D9B53D573D23CB1B7CF4FDC14C3F7.1-6925/_history/20130222013300', 'FINAL', '070D9B53D573D23CB1B7CF4FDC14C3F7.1-486'),
('070D9B53D573D23CB1B7CF4FDC14C3F7.1-6926', TIMESTAMP '2006-12-05 04:58:49.0', 'http://demo.oridashi.com.au:8298/Observation/070D9B53D573D23CB1B7CF4FDC14C3F7.1-6926/_history/20130222013300', 'FINAL', '070D9B53D573D23CB1B7CF4FDC14C3F7.1-486'),
('070D9B53D573D23CB1B7CF4FDC14C3F7.1-6927', TIMESTAMP '2006-12-05 04:58:49.0', 'http://demo.oridashi.com.au:8298/Observation/070D9B53D573D23CB1B7CF4FDC14C3F7.1-6927/_history/20130222013300', 'FINAL', '070D9B53D573D23CB1B7CF4FDC14C3F7.1-486'),
('070D9B53D573D23CB1B7CF4FDC14C3F7.1-6929', TIMESTAMP '2007-01-03 05:04:38.0', 'http://demo.oridashi.com.au:8298/Observation/070D9B53D573D23CB1B7CF4FDC14C3F7.1-6929/_history/20130222013300', 'FINAL', '070D9B53D573D23CB1B7CF4FDC14C3F7.1-486'),
('070D9B53D573D23CB1B7CF4FDC14C3F7.1-6931', TIMESTAMP '2007-01-03 05:05:50.0', 'http://demo.oridashi.com.au:8298/Observation/070D9B53D573D23CB1B7CF4FDC14C3F7.1-6931/_history/20130222013300', 'FINAL', '070D9B53D573D23CB1B7CF4FDC14C3F7.1-486'),
('070D9B53D573D23CB1B7CF4FDC14C3F7.1-6932', TIMESTAMP '2007-01-03 05:05:50.0', 'http://demo.oridashi.com.au:8298/Observation/070D9B53D573D23CB1B7CF4FDC14C3F7.1-6932/_history/20130222013300', 'FINAL', '070D9B53D573D23CB1B7CF4FDC14C3F7.1-486'),
('070D9B53D573D23CB1B7CF4FDC14C3F7.1-6933', TIMESTAMP '2007-01-03 05:05:50.0', 'http://demo.oridashi.com.au:8298/Observation/070D9B53D573D23CB1B7CF4FDC14C3F7.1-6933/_history/20130222013300', 'FINAL', '070D9B53D573D23CB1B7CF4FDC14C3F7.1-486'),
('070D9B53D573D23CB1B7CF4FDC14C3F7.1-6934', TIMESTAMP '2007-01-03 05:06:27.0', 'http://demo.oridashi.com.au:8298/Observation/070D9B53D573D23CB1B7CF4FDC14C3F7.1-6934/_history/20130222013300', 'FINAL', '070D9B53D573D23CB1B7CF4FDC14C3F7.1-486'),
('070D9B53D573D23CB1B7CF4FDC14C3F7.1-6935', TIMESTAMP '2007-03-22 05:14:12.0', 'http://demo.oridashi.com.au:8298/Observation/070D9B53D573D23CB1B7CF4FDC14C3F7.1-6935/_history/20130222013300', 'FINAL', '070D9B53D573D23CB1B7CF4FDC14C3F7.1-486'),
('070D9B53D573D23CB1B7CF4FDC14C3F7.1-6936', TIMESTAMP '2007-03-22 05:14:12.0', 'http://demo.oridashi.com.au:8298/Observation/070D9B53D573D23CB1B7CF4FDC14C3F7.1-6936/_history/20130222013300', 'FINAL', '070D9B53D573D23CB1B7CF4FDC14C3F7.1-486');               
INSERT INTO PUBLIC.OBSERVATION(ID, EFFECTIVE_START_PERIOD, FULL_ID, STATUS, ENCOUNTER) VALUES
('070D9B53D573D23CB1B7CF4FDC14C3F7.1-6938', TIMESTAMP '2007-05-10 06:17:51.0', 'http://demo.oridashi.com.au:8298/Observation/070D9B53D573D23CB1B7CF4FDC14C3F7.1-6938/_history/20130222013300', 'FINAL', '070D9B53D573D23CB1B7CF4FDC14C3F7.1-503'),
('070D9B53D573D23CB1B7CF4FDC14C3F7.1-6939', TIMESTAMP '2007-05-10 06:17:51.0', 'http://demo.oridashi.com.au:8298/Observation/070D9B53D573D23CB1B7CF4FDC14C3F7.1-6939/_history/20130222013300', 'FINAL', '070D9B53D573D23CB1B7CF4FDC14C3F7.1-503'),
('070D9B53D573D23CB1B7CF4FDC14C3F7.1-6941', TIMESTAMP '2007-05-10 06:17:59.0', 'http://demo.oridashi.com.au:8298/Observation/070D9B53D573D23CB1B7CF4FDC14C3F7.1-6941/_history/20130222013300', 'FINAL', '070D9B53D573D23CB1B7CF4FDC14C3F7.1-503'),
('070D9B53D573D23CB1B7CF4FDC14C3F7.1-6942', TIMESTAMP '2007-08-30 06:22:29.0', 'http://demo.oridashi.com.au:8298/Observation/070D9B53D573D23CB1B7CF4FDC14C3F7.1-6942/_history/20130222013300', 'FINAL', '070D9B53D573D23CB1B7CF4FDC14C3F7.1-503'),
('070D9B53D573D23CB1B7CF4FDC14C3F7.1-6944', TIMESTAMP '2007-08-30 06:22:29.0', 'http://demo.oridashi.com.au:8298/Observation/070D9B53D573D23CB1B7CF4FDC14C3F7.1-6944/_history/20130222013300', 'FINAL', '070D9B53D573D23CB1B7CF4FDC14C3F7.1-503'),
('070D9B53D573D23CB1B7CF4FDC14C3F7.1-6945', TIMESTAMP '2007-08-30 06:22:44.0', 'http://demo.oridashi.com.au:8298/Observation/070D9B53D573D23CB1B7CF4FDC14C3F7.1-6945/_history/20130222013300', 'FINAL', '070D9B53D573D23CB1B7CF4FDC14C3F7.1-503'),
('070D9B53D573D23CB1B7CF4FDC14C3F7.1-6946', TIMESTAMP '2007-08-30 06:22:44.0', 'http://demo.oridashi.com.au:8298/Observation/070D9B53D573D23CB1B7CF4FDC14C3F7.1-6946/_history/20130222013300', 'FINAL', '070D9B53D573D23CB1B7CF4FDC14C3F7.1-503'),
('070D9B53D573D23CB1B7CF4FDC14C3F7.1-6947', TIMESTAMP '2007-08-30 06:22:44.0', 'http://demo.oridashi.com.au:8298/Observation/070D9B53D573D23CB1B7CF4FDC14C3F7.1-6947/_history/20130222013300', 'FINAL', '070D9B53D573D23CB1B7CF4FDC14C3F7.1-503'),
('070D9B53D573D23CB1B7CF4FDC14C3F7.1-6948', TIMESTAMP '2008-08-25 06:44:56.0', 'http://demo.oridashi.com.au:8298/Observation/070D9B53D573D23CB1B7CF4FDC14C3F7.1-6948/_history/20130222013300', 'FINAL', '070D9B53D573D23CB1B7CF4FDC14C3F7.1-503'),
('070D9B53D573D23CB1B7CF4FDC14C3F7.1-6949', TIMESTAMP '2008-08-25 06:44:56.0', 'http://demo.oridashi.com.au:8298/Observation/070D9B53D573D23CB1B7CF4FDC14C3F7.1-6949/_history/20130222013300', 'FINAL', '070D9B53D573D23CB1B7CF4FDC14C3F7.1-503'),
('070D9B53D573D23CB1B7CF4FDC14C3F7.1-6950', TIMESTAMP '2008-08-25 06:44:56.0', 'http://demo.oridashi.com.au:8298/Observation/070D9B53D573D23CB1B7CF4FDC14C3F7.1-6950/_history/20130222013300', 'FINAL', '070D9B53D573D23CB1B7CF4FDC14C3F7.1-533'),
('070D9B53D573D23CB1B7CF4FDC14C3F7.1-6951', TIMESTAMP '2010-08-25 06:46:58.0', 'http://demo.oridashi.com.au:8298/Observation/070D9B53D573D23CB1B7CF4FDC14C3F7.1-6951/_history/20130222013300', 'FINAL', '070D9B53D573D23CB1B7CF4FDC14C3F7.1-533'),
('070D9B53D573D23CB1B7CF4FDC14C3F7.1-6953', TIMESTAMP '2010-08-25 06:46:58.0', 'http://demo.oridashi.com.au:8298/Observation/070D9B53D573D23CB1B7CF4FDC14C3F7.1-6953/_history/20130222013300', 'FINAL', '070D9B53D573D23CB1B7CF4FDC14C3F7.1-533'),
('070D9B53D573D23CB1B7CF4FDC14C3F7.1-6954', TIMESTAMP '2010-08-25 06:47:17.0', 'http://demo.oridashi.com.au:8298/Observation/070D9B53D573D23CB1B7CF4FDC14C3F7.1-6954/_history/20130222013300', 'FINAL', '070D9B53D573D23CB1B7CF4FDC14C3F7.1-533'),
('070D9B53D573D23CB1B7CF4FDC14C3F7.1-6955', TIMESTAMP '2010-08-25 06:47:17.0', 'http://demo.oridashi.com.au:8298/Observation/070D9B53D573D23CB1B7CF4FDC14C3F7.1-6955/_history/20130222013300', 'FINAL', '070D9B53D573D23CB1B7CF4FDC14C3F7.1-533'),
('070D9B53D573D23CB1B7CF4FDC14C3F7.1-6956', TIMESTAMP '2010-08-25 06:47:17.0', 'http://demo.oridashi.com.au:8298/Observation/070D9B53D573D23CB1B7CF4FDC14C3F7.1-6956/_history/20130222013300', 'FINAL', '070D9B53D573D23CB1B7CF4FDC14C3F7.1-533'),
('070D9B53D573D23CB1B7CF4FDC14C3F7.1-6957', TIMESTAMP '2012-08-16 19:30:00.0', 'http://demo.oridashi.com.au:8298/Observation/070D9B53D573D23CB1B7CF4FDC14C3F7.1-6957/_history/20130222013300', 'FINAL', '070D9B53D573D23CB1B7CF4FDC14C3F7.1-533');               
INSERT INTO PUBLIC.OBSERVATION(ID, EFFECTIVE_START_PERIOD, FULL_ID, STATUS, ENCOUNTER) VALUES
('070D9B53D573D23CB1B7CF4FDC14C3F7.1-6958', TIMESTAMP '2012-08-16 19:30:00.0', 'http://demo.oridashi.com.au:8298/Observation/070D9B53D573D23CB1B7CF4FDC14C3F7.1-6958/_history/20130222013300', 'FINAL', '070D9B53D573D23CB1B7CF4FDC14C3F7.1-533'),
('070D9B53D573D23CB1B7CF4FDC14C3F7.1-6959', TIMESTAMP '2012-08-16 19:30:00.0', 'http://demo.oridashi.com.au:8298/Observation/070D9B53D573D23CB1B7CF4FDC14C3F7.1-6959/_history/20130222013300', 'FINAL', '070D9B53D573D23CB1B7CF4FDC14C3F7.1-533'),
('070D9B53D573D23CB1B7CF4FDC14C3F7.1-6960', TIMESTAMP '2012-08-16 19:30:00.0', 'http://demo.oridashi.com.au:8298/Observation/070D9B53D573D23CB1B7CF4FDC14C3F7.1-6960/_history/20130222013300', 'FINAL', '070D9B53D573D23CB1B7CF4FDC14C3F7.1-533'),
('070D9B53D573D23CB1B7CF4FDC14C3F7.1-6961', TIMESTAMP '2012-08-17 07:01:15.0', 'http://demo.oridashi.com.au:8298/Observation/070D9B53D573D23CB1B7CF4FDC14C3F7.1-6961/_history/20130222013300', 'FINAL', '070D9B53D573D23CB1B7CF4FDC14C3F7.1-553'),
('070D9B53D573D23CB1B7CF4FDC14C3F7.1-6963', TIMESTAMP '2012-08-17 07:01:15.0', 'http://demo.oridashi.com.au:8298/Observation/070D9B53D573D23CB1B7CF4FDC14C3F7.1-6963/_history/20130222013300', 'FINAL', '070D9B53D573D23CB1B7CF4FDC14C3F7.1-553'),
('070D9B53D573D23CB1B7CF4FDC14C3F7.1-6964', TIMESTAMP '2012-08-17 07:01:32.0', 'http://demo.oridashi.com.au:8298/Observation/070D9B53D573D23CB1B7CF4FDC14C3F7.1-6964/_history/20130222013300', 'FINAL', '070D9B53D573D23CB1B7CF4FDC14C3F7.1-553'),
('070D9B53D573D23CB1B7CF4FDC14C3F7.1-6965', TIMESTAMP '2012-08-17 07:01:32.0', 'http://demo.oridashi.com.au:8298/Observation/070D9B53D573D23CB1B7CF4FDC14C3F7.1-6965/_history/20130222013300', 'FINAL', '070D9B53D573D23CB1B7CF4FDC14C3F7.1-553'),
('070D9B53D573D23CB1B7CF4FDC14C3F7.1-6966', TIMESTAMP '2012-08-17 07:01:32.0', 'http://demo.oridashi.com.au:8298/Observation/070D9B53D573D23CB1B7CF4FDC14C3F7.1-6966/_history/20130222013300', 'FINAL', '070D9B53D573D23CB1B7CF4FDC14C3F7.1-553'),
('070D9B53D573D23CB1B7CF4FDC14C3F7.1-6620', TIMESTAMP '1998-10-05 10:47:34.0', 'http://demo.oridashi.com.au:8298/Observation/070D9B53D573D23CB1B7CF4FDC14C3F7.1-6620/_history/20130222013249', 'FINAL', '070D9B53D573D23CB1B7CF4FDC14C3F7.1-553'),
('070D9B53D573D23CB1B7CF4FDC14C3F7.1-6621', TIMESTAMP '1998-10-05 10:47:34.0', 'http://demo.oridashi.com.au:8298/Observation/070D9B53D573D23CB1B7CF4FDC14C3F7.1-6621/_history/20130222013249', 'FINAL', '070D9B53D573D23CB1B7CF4FDC14C3F7.1-553'),
('070D9B53D573D23CB1B7CF4FDC14C3F7.1-6623', TIMESTAMP '1998-12-21 09:50:32.0', 'http://demo.oridashi.com.au:8298/Observation/070D9B53D573D23CB1B7CF4FDC14C3F7.1-6623/_history/20130222013249', 'FINAL', '070D9B53D573D23CB1B7CF4FDC14C3F7.1-553'),
('070D9B53D573D23CB1B7CF4FDC14C3F7.1-6624', TIMESTAMP '1998-12-21 09:50:32.0', 'http://demo.oridashi.com.au:8298/Observation/070D9B53D573D23CB1B7CF4FDC14C3F7.1-6624/_history/20130222013249', 'FINAL', '070D9B53D573D23CB1B7CF4FDC14C3F7.1-553'),
('070D9B53D573D23CB1B7CF4FDC14C3F7.1-6626', TIMESTAMP '1999-02-18 09:52:33.0', 'http://demo.oridashi.com.au:8298/Observation/070D9B53D573D23CB1B7CF4FDC14C3F7.1-6626/_history/20130222013249', 'FINAL', '070D9B53D573D23CB1B7CF4FDC14C3F7.1-553'),
('070D9B53D573D23CB1B7CF4FDC14C3F7.1-6627', TIMESTAMP '1999-02-18 09:52:33.0', 'http://demo.oridashi.com.au:8298/Observation/070D9B53D573D23CB1B7CF4FDC14C3F7.1-6627/_history/20130222013249', 'FINAL', '070D9B53D573D23CB1B7CF4FDC14C3F7.1-566'),
('070D9B53D573D23CB1B7CF4FDC14C3F7.1-6629', TIMESTAMP '1999-04-15 10:53:49.0', 'http://demo.oridashi.com.au:8298/Observation/070D9B53D573D23CB1B7CF4FDC14C3F7.1-6629/_history/20130222013249', 'FINAL', '070D9B53D573D23CB1B7CF4FDC14C3F7.1-566'),
('070D9B53D573D23CB1B7CF4FDC14C3F7.1-6630', TIMESTAMP '1999-04-15 10:53:49.0', 'http://demo.oridashi.com.au:8298/Observation/070D9B53D573D23CB1B7CF4FDC14C3F7.1-6630/_history/20130222013249', 'FINAL', '070D9B53D573D23CB1B7CF4FDC14C3F7.1-566'),
('070D9B53D573D23CB1B7CF4FDC14C3F7.1-6632', TIMESTAMP '1999-08-24 10:55:31.0', 'http://demo.oridashi.com.au:8298/Observation/070D9B53D573D23CB1B7CF4FDC14C3F7.1-6632/_history/20130222013249', 'FINAL', '070D9B53D573D23CB1B7CF4FDC14C3F7.1-566');               
INSERT INTO PUBLIC.OBSERVATION(ID, EFFECTIVE_START_PERIOD, FULL_ID, STATUS, ENCOUNTER) VALUES
('070D9B53D573D23CB1B7CF4FDC14C3F7.1-6633', TIMESTAMP '1999-08-24 10:55:31.0', 'http://demo.oridashi.com.au:8298/Observation/070D9B53D573D23CB1B7CF4FDC14C3F7.1-6633/_history/20130222013249', 'FINAL', '070D9B53D573D23CB1B7CF4FDC14C3F7.1-566'),
('070D9B53D573D23CB1B7CF4FDC14C3F7.1-6635', TIMESTAMP '2000-04-05 10:57:03.0', 'http://demo.oridashi.com.au:8298/Observation/070D9B53D573D23CB1B7CF4FDC14C3F7.1-6635/_history/20130222013249', 'FINAL', '070D9B53D573D23CB1B7CF4FDC14C3F7.1-566'),
('070D9B53D573D23CB1B7CF4FDC14C3F7.1-6636', TIMESTAMP '2000-04-05 10:57:03.0', 'http://demo.oridashi.com.au:8298/Observation/070D9B53D573D23CB1B7CF4FDC14C3F7.1-6636/_history/20130222013249', 'FINAL', '070D9B53D573D23CB1B7CF4FDC14C3F7.1-566'),
('070D9B53D573D23CB1B7CF4FDC14C3F7.1-6638', TIMESTAMP '2001-12-22 03:35:19.0', 'http://demo.oridashi.com.au:8298/Observation/070D9B53D573D23CB1B7CF4FDC14C3F7.1-6638/_history/20130222013249', 'FINAL', '070D9B53D573D23CB1B7CF4FDC14C3F7.1-566'),
('070D9B53D573D23CB1B7CF4FDC14C3F7.1-6639', TIMESTAMP '2002-03-21 05:44:11.0', 'http://demo.oridashi.com.au:8298/Observation/070D9B53D573D23CB1B7CF4FDC14C3F7.1-6639/_history/20130222013249', 'FINAL', '070D9B53D573D23CB1B7CF4FDC14C3F7.1-566'),
('070D9B53D573D23CB1B7CF4FDC14C3F7.1-6640', TIMESTAMP '2002-06-18 10:21:59.0', 'http://demo.oridashi.com.au:8298/Observation/070D9B53D573D23CB1B7CF4FDC14C3F7.1-6640/_history/20130222013249', 'FINAL', '070D9B53D573D23CB1B7CF4FDC14C3F7.1-566'),
('070D9B53D573D23CB1B7CF4FDC14C3F7.1-6641', TIMESTAMP '2002-09-16 07:56:16.0', 'http://demo.oridashi.com.au:8298/Observation/070D9B53D573D23CB1B7CF4FDC14C3F7.1-6641/_history/20130222013249', 'FINAL', '070D9B53D573D23CB1B7CF4FDC14C3F7.1-565'),
('070D9B53D573D23CB1B7CF4FDC14C3F7.1-6642', TIMESTAMP '2002-11-05 10:00:02.0', 'http://demo.oridashi.com.au:8298/Observation/070D9B53D573D23CB1B7CF4FDC14C3F7.1-6642/_history/20130222013249', 'FINAL', '070D9B53D573D23CB1B7CF4FDC14C3F7.1-565'),
('070D9B53D573D23CB1B7CF4FDC14C3F7.1-6643', TIMESTAMP '2002-11-05 10:00:02.0', 'http://demo.oridashi.com.au:8298/Observation/070D9B53D573D23CB1B7CF4FDC14C3F7.1-6643/_history/20130222013249', 'FINAL', '070D9B53D573D23CB1B7CF4FDC14C3F7.1-565'),
('070D9B53D573D23CB1B7CF4FDC14C3F7.1-6644', TIMESTAMP '2002-12-20 04:16:43.0', 'http://demo.oridashi.com.au:8298/Observation/070D9B53D573D23CB1B7CF4FDC14C3F7.1-6644/_history/20130222013249', 'FINAL', '070D9B53D573D23CB1B7CF4FDC14C3F7.1-565'),
('070D9B53D573D23CB1B7CF4FDC14C3F7.1-6645', TIMESTAMP '2003-03-21 03:46:15.0', 'http://demo.oridashi.com.au:8298/Observation/070D9B53D573D23CB1B7CF4FDC14C3F7.1-6645/_history/20130222013249', 'FINAL', '070D9B53D573D23CB1B7CF4FDC14C3F7.1-565'),
('070D9B53D573D23CB1B7CF4FDC14C3F7.1-6646', TIMESTAMP '2003-03-21 03:46:15.0', 'http://demo.oridashi.com.au:8298/Observation/070D9B53D573D23CB1B7CF4FDC14C3F7.1-6646/_history/20130222013249', 'FINAL', '070D9B53D573D23CB1B7CF4FDC14C3F7.1-565'),
('070D9B53D573D23CB1B7CF4FDC14C3F7.1-6647', TIMESTAMP '2003-03-21 03:46:15.0', 'http://demo.oridashi.com.au:8298/Observation/070D9B53D573D23CB1B7CF4FDC14C3F7.1-6647/_history/20130222013249', 'FINAL', '070D9B53D573D23CB1B7CF4FDC14C3F7.1-565'),
('070D9B53D573D23CB1B7CF4FDC14C3F7.1-6648', TIMESTAMP '2003-06-18 11:45:02.0', 'http://demo.oridashi.com.au:8298/Observation/070D9B53D573D23CB1B7CF4FDC14C3F7.1-6648/_history/20130222013249', 'FINAL', '070D9B53D573D23CB1B7CF4FDC14C3F7.1-565'),
('070D9B53D573D23CB1B7CF4FDC14C3F7.1-6649', TIMESTAMP '2003-06-18 11:45:02.0', 'http://demo.oridashi.com.au:8298/Observation/070D9B53D573D23CB1B7CF4FDC14C3F7.1-6649/_history/20130222013249', 'FINAL', '070D9B53D573D23CB1B7CF4FDC14C3F7.1-565'),
('070D9B53D573D23CB1B7CF4FDC14C3F7.1-6650', TIMESTAMP '2003-06-18 11:45:02.0', 'http://demo.oridashi.com.au:8298/Observation/070D9B53D573D23CB1B7CF4FDC14C3F7.1-6650/_history/20130222013249', 'FINAL', '070D9B53D573D23CB1B7CF4FDC14C3F7.1-565'),
('070D9B53D573D23CB1B7CF4FDC14C3F7.1-6651', TIMESTAMP '2003-09-12 06:36:30.0', 'http://demo.oridashi.com.au:8298/Observation/070D9B53D573D23CB1B7CF4FDC14C3F7.1-6651/_history/20130222013249', 'FINAL', '070D9B53D573D23CB1B7CF4FDC14C3F7.1-564');               
INSERT INTO PUBLIC.OBSERVATION(ID, EFFECTIVE_START_PERIOD, FULL_ID, STATUS, ENCOUNTER) VALUES
('070D9B53D573D23CB1B7CF4FDC14C3F7.1-6652', TIMESTAMP '2003-09-12 06:36:30.0', 'http://demo.oridashi.com.au:8298/Observation/070D9B53D573D23CB1B7CF4FDC14C3F7.1-6652/_history/20130222013249', 'FINAL', '070D9B53D573D23CB1B7CF4FDC14C3F7.1-564'),
('070D9B53D573D23CB1B7CF4FDC14C3F7.1-6653', TIMESTAMP '2003-09-12 06:36:30.0', 'http://demo.oridashi.com.au:8298/Observation/070D9B53D573D23CB1B7CF4FDC14C3F7.1-6653/_history/20130222013249', 'FINAL', '070D9B53D573D23CB1B7CF4FDC14C3F7.1-564'),
('070D9B53D573D23CB1B7CF4FDC14C3F7.1-6654', TIMESTAMP '2003-12-13 08:28:40.0', 'http://demo.oridashi.com.au:8298/Observation/070D9B53D573D23CB1B7CF4FDC14C3F7.1-6654/_history/20130222013249', 'FINAL', '070D9B53D573D23CB1B7CF4FDC14C3F7.1-564'),
('070D9B53D573D23CB1B7CF4FDC14C3F7.1-6655', TIMESTAMP '2003-12-13 08:28:40.0', 'http://demo.oridashi.com.au:8298/Observation/070D9B53D573D23CB1B7CF4FDC14C3F7.1-6655/_history/20130222013249', 'FINAL', '070D9B53D573D23CB1B7CF4FDC14C3F7.1-564'),
('070D9B53D573D23CB1B7CF4FDC14C3F7.1-6656', TIMESTAMP '2003-12-13 08:28:40.0', 'http://demo.oridashi.com.au:8298/Observation/070D9B53D573D23CB1B7CF4FDC14C3F7.1-6656/_history/20130222013249', 'FINAL', '070D9B53D573D23CB1B7CF4FDC14C3F7.1-564'),
('070D9B53D573D23CB1B7CF4FDC14C3F7.1-6657', TIMESTAMP '2004-03-13 04:35:00.0', 'http://demo.oridashi.com.au:8298/Observation/070D9B53D573D23CB1B7CF4FDC14C3F7.1-6657/_history/20130222013249', 'FINAL', '070D9B53D573D23CB1B7CF4FDC14C3F7.1-564'),
('070D9B53D573D23CB1B7CF4FDC14C3F7.1-6658', TIMESTAMP '2004-03-13 04:35:00.0', 'http://demo.oridashi.com.au:8298/Observation/070D9B53D573D23CB1B7CF4FDC14C3F7.1-6658/_history/20130222013249', 'FINAL', '070D9B53D573D23CB1B7CF4FDC14C3F7.1-564'),
('070D9B53D573D23CB1B7CF4FDC14C3F7.1-6659', TIMESTAMP '2004-03-13 04:35:00.0', 'http://demo.oridashi.com.au:8298/Observation/070D9B53D573D23CB1B7CF4FDC14C3F7.1-6659/_history/20130222013249', 'FINAL', '070D9B53D573D23CB1B7CF4FDC14C3F7.1-564'),
('070D9B53D573D23CB1B7CF4FDC14C3F7.1-6660', TIMESTAMP '2004-06-18 05:51:40.0', 'http://demo.oridashi.com.au:8298/Observation/070D9B53D573D23CB1B7CF4FDC14C3F7.1-6660/_history/20130222013249', 'FINAL', '070D9B53D573D23CB1B7CF4FDC14C3F7.1-564'),
('070D9B53D573D23CB1B7CF4FDC14C3F7.1-6661', TIMESTAMP '2004-06-18 05:51:40.0', 'http://demo.oridashi.com.au:8298/Observation/070D9B53D573D23CB1B7CF4FDC14C3F7.1-6661/_history/20130222013249', 'FINAL', '070D9B53D573D23CB1B7CF4FDC14C3F7.1-563'),
('070D9B53D573D23CB1B7CF4FDC14C3F7.1-6662', TIMESTAMP '2004-06-18 05:51:40.0', 'http://demo.oridashi.com.au:8298/Observation/070D9B53D573D23CB1B7CF4FDC14C3F7.1-6662/_history/20130222013249', 'FINAL', '070D9B53D573D23CB1B7CF4FDC14C3F7.1-563'),
('070D9B53D573D23CB1B7CF4FDC14C3F7.1-6663', TIMESTAMP '2004-08-17 08:58:27.0', 'http://demo.oridashi.com.au:8298/Observation/070D9B53D573D23CB1B7CF4FDC14C3F7.1-6663/_history/20130222013249', 'FINAL', '070D9B53D573D23CB1B7CF4FDC14C3F7.1-563'),
('070D9B53D573D23CB1B7CF4FDC14C3F7.1-6664', TIMESTAMP '2004-08-17 08:58:27.0', 'http://demo.oridashi.com.au:8298/Observation/070D9B53D573D23CB1B7CF4FDC14C3F7.1-6664/_history/20130222013249', 'FINAL', '070D9B53D573D23CB1B7CF4FDC14C3F7.1-563'),
('070D9B53D573D23CB1B7CF4FDC14C3F7.1-6665', TIMESTAMP '2004-08-17 08:58:27.0', 'http://demo.oridashi.com.au:8298/Observation/070D9B53D573D23CB1B7CF4FDC14C3F7.1-6665/_history/20130222013249', 'FINAL', '070D9B53D573D23CB1B7CF4FDC14C3F7.1-563'),
('070D9B53D573D23CB1B7CF4FDC14C3F7.1-6666', TIMESTAMP '2004-09-22 11:49:49.0', 'http://demo.oridashi.com.au:8298/Observation/070D9B53D573D23CB1B7CF4FDC14C3F7.1-6666/_history/20130222013249', 'FINAL', '070D9B53D573D23CB1B7CF4FDC14C3F7.1-563'),
('070D9B53D573D23CB1B7CF4FDC14C3F7.1-6667', TIMESTAMP '2004-09-22 11:49:49.0', 'http://demo.oridashi.com.au:8298/Observation/070D9B53D573D23CB1B7CF4FDC14C3F7.1-6667/_history/20130222013249', 'FINAL', '070D9B53D573D23CB1B7CF4FDC14C3F7.1-563'),
('070D9B53D573D23CB1B7CF4FDC14C3F7.1-6668', TIMESTAMP '2004-09-22 11:49:49.0', 'http://demo.oridashi.com.au:8298/Observation/070D9B53D573D23CB1B7CF4FDC14C3F7.1-6668/_history/20130222013249', 'FINAL', '070D9B53D573D23CB1B7CF4FDC14C3F7.1-563');               
INSERT INTO PUBLIC.OBSERVATION(ID, EFFECTIVE_START_PERIOD, FULL_ID, STATUS, ENCOUNTER) VALUES
('070D9B53D573D23CB1B7CF4FDC14C3F7.1-6669', TIMESTAMP '2004-12-12 08:21:43.0', 'http://demo.oridashi.com.au:8298/Observation/070D9B53D573D23CB1B7CF4FDC14C3F7.1-6669/_history/20130222013249', 'FINAL', '070D9B53D573D23CB1B7CF4FDC14C3F7.1-563'),
('070D9B53D573D23CB1B7CF4FDC14C3F7.1-6670', TIMESTAMP '2004-12-12 08:21:43.0', 'http://demo.oridashi.com.au:8298/Observation/070D9B53D573D23CB1B7CF4FDC14C3F7.1-6670/_history/20130222013249', 'FINAL', '070D9B53D573D23CB1B7CF4FDC14C3F7.1-563'),
('070D9B53D573D23CB1B7CF4FDC14C3F7.1-6671', TIMESTAMP '2004-12-12 08:21:43.0', 'http://demo.oridashi.com.au:8298/Observation/070D9B53D573D23CB1B7CF4FDC14C3F7.1-6671/_history/20130222013249', 'FINAL', '070D9B53D573D23CB1B7CF4FDC14C3F7.1-562'),
('070D9B53D573D23CB1B7CF4FDC14C3F7.1-6672', TIMESTAMP '2005-03-19 03:42:32.0', 'http://demo.oridashi.com.au:8298/Observation/070D9B53D573D23CB1B7CF4FDC14C3F7.1-6672/_history/20130222013249', 'FINAL', '070D9B53D573D23CB1B7CF4FDC14C3F7.1-562'),
('070D9B53D573D23CB1B7CF4FDC14C3F7.1-6673', TIMESTAMP '2005-03-19 03:42:32.0', 'http://demo.oridashi.com.au:8298/Observation/070D9B53D573D23CB1B7CF4FDC14C3F7.1-6673/_history/20130222013249', 'FINAL', '070D9B53D573D23CB1B7CF4FDC14C3F7.1-562'),
('070D9B53D573D23CB1B7CF4FDC14C3F7.1-6674', TIMESTAMP '2005-03-19 03:42:32.0', 'http://demo.oridashi.com.au:8298/Observation/070D9B53D573D23CB1B7CF4FDC14C3F7.1-6674/_history/20130222013249', 'FINAL', '070D9B53D573D23CB1B7CF4FDC14C3F7.1-562'),
('070D9B53D573D23CB1B7CF4FDC14C3F7.1-6675', TIMESTAMP '2005-06-15 10:16:46.0', 'http://demo.oridashi.com.au:8298/Observation/070D9B53D573D23CB1B7CF4FDC14C3F7.1-6675/_history/20130222013249', 'FINAL', '070D9B53D573D23CB1B7CF4FDC14C3F7.1-562'),
('070D9B53D573D23CB1B7CF4FDC14C3F7.1-6676', TIMESTAMP '2005-06-15 10:16:46.0', 'http://demo.oridashi.com.au:8298/Observation/070D9B53D573D23CB1B7CF4FDC14C3F7.1-6676/_history/20130222013249', 'FINAL', '070D9B53D573D23CB1B7CF4FDC14C3F7.1-562'),
('070D9B53D573D23CB1B7CF4FDC14C3F7.1-6677', TIMESTAMP '2005-06-15 10:16:46.0', 'http://demo.oridashi.com.au:8298/Observation/070D9B53D573D23CB1B7CF4FDC14C3F7.1-6677/_history/20130222013249', 'FINAL', '070D9B53D573D23CB1B7CF4FDC14C3F7.1-562'),
('070D9B53D573D23CB1B7CF4FDC14C3F7.1-6678', TIMESTAMP '2005-08-10 11:04:48.0', 'http://demo.oridashi.com.au:8298/Observation/070D9B53D573D23CB1B7CF4FDC14C3F7.1-6678/_history/20130222013249', 'FINAL', '070D9B53D573D23CB1B7CF4FDC14C3F7.1-562'),
('070D9B53D573D23CB1B7CF4FDC14C3F7.1-6679', TIMESTAMP '2005-08-10 11:04:48.0', 'http://demo.oridashi.com.au:8298/Observation/070D9B53D573D23CB1B7CF4FDC14C3F7.1-6679/_history/20130222013249', 'FINAL', '070D9B53D573D23CB1B7CF4FDC14C3F7.1-562'),
('070D9B53D573D23CB1B7CF4FDC14C3F7.1-6680', TIMESTAMP '2005-08-10 11:04:48.0', 'http://demo.oridashi.com.au:8298/Observation/070D9B53D573D23CB1B7CF4FDC14C3F7.1-6680/_history/20130222013249', 'FINAL', '070D9B53D573D23CB1B7CF4FDC14C3F7.1-562'),
('070D9B53D573D23CB1B7CF4FDC14C3F7.1-6681', TIMESTAMP '2005-09-20 08:51:02.0', 'http://demo.oridashi.com.au:8298/Observation/070D9B53D573D23CB1B7CF4FDC14C3F7.1-6681/_history/20130222013249', 'FINAL', '070D9B53D573D23CB1B7CF4FDC14C3F7.1-561'),
('070D9B53D573D23CB1B7CF4FDC14C3F7.1-6682', TIMESTAMP '2005-09-20 08:51:02.0', 'http://demo.oridashi.com.au:8298/Observation/070D9B53D573D23CB1B7CF4FDC14C3F7.1-6682/_history/20130222013249', 'FINAL', '070D9B53D573D23CB1B7CF4FDC14C3F7.1-561'),
('070D9B53D573D23CB1B7CF4FDC14C3F7.1-6683', TIMESTAMP '2005-09-20 08:51:02.0', 'http://demo.oridashi.com.au:8298/Observation/070D9B53D573D23CB1B7CF4FDC14C3F7.1-6683/_history/20130222013249', 'FINAL', '070D9B53D573D23CB1B7CF4FDC14C3F7.1-561'),
('070D9B53D573D23CB1B7CF4FDC14C3F7.1-6684', TIMESTAMP '2005-12-15 07:12:39.0', 'http://demo.oridashi.com.au:8298/Observation/070D9B53D573D23CB1B7CF4FDC14C3F7.1-6684/_history/20130222013249', 'FINAL', '070D9B53D573D23CB1B7CF4FDC14C3F7.1-561'),
('070D9B53D573D23CB1B7CF4FDC14C3F7.1-6685', TIMESTAMP '2005-12-15 07:12:39.0', 'http://demo.oridashi.com.au:8298/Observation/070D9B53D573D23CB1B7CF4FDC14C3F7.1-6685/_history/20130222013249', 'FINAL', '070D9B53D573D23CB1B7CF4FDC14C3F7.1-561');               
INSERT INTO PUBLIC.OBSERVATION(ID, EFFECTIVE_START_PERIOD, FULL_ID, STATUS, ENCOUNTER) VALUES
('070D9B53D573D23CB1B7CF4FDC14C3F7.1-6686', TIMESTAMP '2005-12-15 07:12:39.0', 'http://demo.oridashi.com.au:8298/Observation/070D9B53D573D23CB1B7CF4FDC14C3F7.1-6686/_history/20130222013249', 'FINAL', '070D9B53D573D23CB1B7CF4FDC14C3F7.1-561'),
('070D9B53D573D23CB1B7CF4FDC14C3F7.1-6687', TIMESTAMP '2006-03-14 11:10:43.0', 'http://demo.oridashi.com.au:8298/Observation/070D9B53D573D23CB1B7CF4FDC14C3F7.1-6687/_history/20130222013249', 'FINAL', '070D9B53D573D23CB1B7CF4FDC14C3F7.1-561'),
('070D9B53D573D23CB1B7CF4FDC14C3F7.1-6688', TIMESTAMP '2006-03-14 11:10:43.0', 'http://demo.oridashi.com.au:8298/Observation/070D9B53D573D23CB1B7CF4FDC14C3F7.1-6688/_history/20130222013249', 'FINAL', '070D9B53D573D23CB1B7CF4FDC14C3F7.1-561'),
('070D9B53D573D23CB1B7CF4FDC14C3F7.1-6689', TIMESTAMP '2006-03-14 11:10:43.0', 'http://demo.oridashi.com.au:8298/Observation/070D9B53D573D23CB1B7CF4FDC14C3F7.1-6689/_history/20130222013249', 'FINAL', '070D9B53D573D23CB1B7CF4FDC14C3F7.1-561'),
('070D9B53D573D23CB1B7CF4FDC14C3F7.1-6690', TIMESTAMP '2006-06-22 06:34:15.0', 'http://demo.oridashi.com.au:8298/Observation/070D9B53D573D23CB1B7CF4FDC14C3F7.1-6690/_history/20130222013249', 'FINAL', '070D9B53D573D23CB1B7CF4FDC14C3F7.1-561'),
('070D9B53D573D23CB1B7CF4FDC14C3F7.1-6691', TIMESTAMP '2006-06-22 06:34:15.0', 'http://demo.oridashi.com.au:8298/Observation/070D9B53D573D23CB1B7CF4FDC14C3F7.1-6691/_history/20130222013249', 'FINAL', '070D9B53D573D23CB1B7CF4FDC14C3F7.1-559'),
('070D9B53D573D23CB1B7CF4FDC14C3F7.1-6692', TIMESTAMP '2006-06-22 06:34:15.0', 'http://demo.oridashi.com.au:8298/Observation/070D9B53D573D23CB1B7CF4FDC14C3F7.1-6692/_history/20130222013249', 'FINAL', '070D9B53D573D23CB1B7CF4FDC14C3F7.1-559'),
('070D9B53D573D23CB1B7CF4FDC14C3F7.1-6693', TIMESTAMP '2006-08-16 04:57:51.0', 'http://demo.oridashi.com.au:8298/Observation/070D9B53D573D23CB1B7CF4FDC14C3F7.1-6693/_history/20130222013249', 'FINAL', '070D9B53D573D23CB1B7CF4FDC14C3F7.1-559'),
('070D9B53D573D23CB1B7CF4FDC14C3F7.1-6694', TIMESTAMP '2006-08-16 04:57:51.0', 'http://demo.oridashi.com.au:8298/Observation/070D9B53D573D23CB1B7CF4FDC14C3F7.1-6694/_history/20130222013249', 'FINAL', '070D9B53D573D23CB1B7CF4FDC14C3F7.1-559'),
('070D9B53D573D23CB1B7CF4FDC14C3F7.1-6695', TIMESTAMP '2006-08-16 04:57:51.0', 'http://demo.oridashi.com.au:8298/Observation/070D9B53D573D23CB1B7CF4FDC14C3F7.1-6695/_history/20130222013249', 'FINAL', '070D9B53D573D23CB1B7CF4FDC14C3F7.1-559'),
('070D9B53D573D23CB1B7CF4FDC14C3F7.1-6696', TIMESTAMP '2006-09-20 06:42:18.0', 'http://demo.oridashi.com.au:8298/Observation/070D9B53D573D23CB1B7CF4FDC14C3F7.1-6696/_history/20130222013249', 'FINAL', '070D9B53D573D23CB1B7CF4FDC14C3F7.1-559'),
('070D9B53D573D23CB1B7CF4FDC14C3F7.1-6697', TIMESTAMP '2006-09-20 06:42:18.0', 'http://demo.oridashi.com.au:8298/Observation/070D9B53D573D23CB1B7CF4FDC14C3F7.1-6697/_history/20130222013249', 'FINAL', '070D9B53D573D23CB1B7CF4FDC14C3F7.1-559'),
('070D9B53D573D23CB1B7CF4FDC14C3F7.1-6698', TIMESTAMP '2006-09-20 06:42:18.0', 'http://demo.oridashi.com.au:8298/Observation/070D9B53D573D23CB1B7CF4FDC14C3F7.1-6698/_history/20130222013249', 'FINAL', '070D9B53D573D23CB1B7CF4FDC14C3F7.1-559'),
('070D9B53D573D23CB1B7CF4FDC14C3F7.1-6699', TIMESTAMP '2006-12-12 05:53:42.0', 'http://demo.oridashi.com.au:8298/Observation/070D9B53D573D23CB1B7CF4FDC14C3F7.1-6699/_history/20130222013249', 'FINAL', '070D9B53D573D23CB1B7CF4FDC14C3F7.1-559'),
('070D9B53D573D23CB1B7CF4FDC14C3F7.1-6700', TIMESTAMP '2006-12-12 05:53:42.0', 'http://demo.oridashi.com.au:8298/Observation/070D9B53D573D23CB1B7CF4FDC14C3F7.1-6700/_history/20130222013249', 'FINAL', '070D9B53D573D23CB1B7CF4FDC14C3F7.1-559'),
('070D9B53D573D23CB1B7CF4FDC14C3F7.1-6701', TIMESTAMP '2006-12-12 05:53:42.0', 'http://demo.oridashi.com.au:8298/Observation/070D9B53D573D23CB1B7CF4FDC14C3F7.1-6701/_history/20130222013249', 'FINAL', '070D9B53D573D23CB1B7CF4FDC14C3F7.1-558'),
('070D9B53D573D23CB1B7CF4FDC14C3F7.1-6702', TIMESTAMP '2007-03-15 09:07:55.0', 'http://demo.oridashi.com.au:8298/Observation/070D9B53D573D23CB1B7CF4FDC14C3F7.1-6702/_history/20130222013249', 'FINAL', '070D9B53D573D23CB1B7CF4FDC14C3F7.1-558');               
INSERT INTO PUBLIC.OBSERVATION(ID, EFFECTIVE_START_PERIOD, FULL_ID, STATUS, ENCOUNTER) VALUES
('070D9B53D573D23CB1B7CF4FDC14C3F7.1-6703', TIMESTAMP '2007-03-15 09:07:55.0', 'http://demo.oridashi.com.au:8298/Observation/070D9B53D573D23CB1B7CF4FDC14C3F7.1-6703/_history/20130222013249', 'FINAL', '070D9B53D573D23CB1B7CF4FDC14C3F7.1-558'),
('070D9B53D573D23CB1B7CF4FDC14C3F7.1-6704', TIMESTAMP '2007-03-15 09:07:55.0', 'http://demo.oridashi.com.au:8298/Observation/070D9B53D573D23CB1B7CF4FDC14C3F7.1-6704/_history/20130222013249', 'FINAL', '070D9B53D573D23CB1B7CF4FDC14C3F7.1-558'),
('070D9B53D573D23CB1B7CF4FDC14C3F7.1-6705', TIMESTAMP '2007-06-21 05:52:23.0', 'http://demo.oridashi.com.au:8298/Observation/070D9B53D573D23CB1B7CF4FDC14C3F7.1-6705/_history/20130222013249', 'FINAL', '070D9B53D573D23CB1B7CF4FDC14C3F7.1-558'),
('070D9B53D573D23CB1B7CF4FDC14C3F7.1-6706', TIMESTAMP '2007-06-21 05:52:23.0', 'http://demo.oridashi.com.au:8298/Observation/070D9B53D573D23CB1B7CF4FDC14C3F7.1-6706/_history/20130222013249', 'FINAL', '070D9B53D573D23CB1B7CF4FDC14C3F7.1-558'),
('070D9B53D573D23CB1B7CF4FDC14C3F7.1-6707', TIMESTAMP '2007-06-21 05:52:23.0', 'http://demo.oridashi.com.au:8298/Observation/070D9B53D573D23CB1B7CF4FDC14C3F7.1-6707/_history/20130222013249', 'FINAL', '070D9B53D573D23CB1B7CF4FDC14C3F7.1-558'),
('070D9B53D573D23CB1B7CF4FDC14C3F7.1-6708', TIMESTAMP '2007-08-09 09:23:51.0', 'http://demo.oridashi.com.au:8298/Observation/070D9B53D573D23CB1B7CF4FDC14C3F7.1-6708/_history/20130222013249', 'FINAL', '070D9B53D573D23CB1B7CF4FDC14C3F7.1-558'),
('070D9B53D573D23CB1B7CF4FDC14C3F7.1-6709', TIMESTAMP '2007-08-09 09:23:51.0', 'http://demo.oridashi.com.au:8298/Observation/070D9B53D573D23CB1B7CF4FDC14C3F7.1-6709/_history/20130222013249', 'FINAL', '070D9B53D573D23CB1B7CF4FDC14C3F7.1-558'),
('070D9B53D573D23CB1B7CF4FDC14C3F7.1-6710', TIMESTAMP '2007-08-09 09:23:51.0', 'http://demo.oridashi.com.au:8298/Observation/070D9B53D573D23CB1B7CF4FDC14C3F7.1-6710/_history/20130222013249', 'FINAL', '070D9B53D573D23CB1B7CF4FDC14C3F7.1-558'),
('070D9B53D573D23CB1B7CF4FDC14C3F7.1-6711', TIMESTAMP '2007-09-18 06:20:25.0', 'http://demo.oridashi.com.au:8298/Observation/070D9B53D573D23CB1B7CF4FDC14C3F7.1-6711/_history/20130222013249', 'FINAL', '070D9B53D573D23CB1B7CF4FDC14C3F7.1-587'),
('070D9B53D573D23CB1B7CF4FDC14C3F7.1-6712', TIMESTAMP '2007-09-18 06:20:25.0', 'http://demo.oridashi.com.au:8298/Observation/070D9B53D573D23CB1B7CF4FDC14C3F7.1-6712/_history/20130222013249', 'FINAL', '070D9B53D573D23CB1B7CF4FDC14C3F7.1-587'),
('070D9B53D573D23CB1B7CF4FDC14C3F7.1-6713', TIMESTAMP '2007-09-18 06:20:25.0', 'http://demo.oridashi.com.au:8298/Observation/070D9B53D573D23CB1B7CF4FDC14C3F7.1-6713/_history/20130222013249', 'FINAL', '070D9B53D573D23CB1B7CF4FDC14C3F7.1-587'),
('070D9B53D573D23CB1B7CF4FDC14C3F7.1-6714', TIMESTAMP '2007-12-16 03:54:43.0', 'http://demo.oridashi.com.au:8298/Observation/070D9B53D573D23CB1B7CF4FDC14C3F7.1-6714/_history/20130222013249', 'FINAL', '070D9B53D573D23CB1B7CF4FDC14C3F7.1-587'),
('070D9B53D573D23CB1B7CF4FDC14C3F7.1-6715', TIMESTAMP '2007-12-16 03:54:43.0', 'http://demo.oridashi.com.au:8298/Observation/070D9B53D573D23CB1B7CF4FDC14C3F7.1-6715/_history/20130222013249', 'FINAL', '070D9B53D573D23CB1B7CF4FDC14C3F7.1-587'),
('070D9B53D573D23CB1B7CF4FDC14C3F7.1-6716', TIMESTAMP '2007-12-16 03:54:43.0', 'http://demo.oridashi.com.au:8298/Observation/070D9B53D573D23CB1B7CF4FDC14C3F7.1-6716/_history/20130222013249', 'FINAL', '070D9B53D573D23CB1B7CF4FDC14C3F7.1-587'),
('070D9B53D573D23CB1B7CF4FDC14C3F7.1-6717', TIMESTAMP '2008-03-16 05:22:47.0', 'http://demo.oridashi.com.au:8298/Observation/070D9B53D573D23CB1B7CF4FDC14C3F7.1-6717/_history/20130222013249', 'FINAL', '070D9B53D573D23CB1B7CF4FDC14C3F7.1-587'),
('070D9B53D573D23CB1B7CF4FDC14C3F7.1-6718', TIMESTAMP '2008-03-16 05:22:47.0', 'http://demo.oridashi.com.au:8298/Observation/070D9B53D573D23CB1B7CF4FDC14C3F7.1-6718/_history/20130222013249', 'FINAL', '070D9B53D573D23CB1B7CF4FDC14C3F7.1-587'),
('070D9B53D573D23CB1B7CF4FDC14C3F7.1-6719', TIMESTAMP '2008-03-16 05:22:47.0', 'http://demo.oridashi.com.au:8298/Observation/070D9B53D573D23CB1B7CF4FDC14C3F7.1-6719/_history/20130222013249', 'FINAL', '070D9B53D573D23CB1B7CF4FDC14C3F7.1-587');               
INSERT INTO PUBLIC.OBSERVATION(ID, EFFECTIVE_START_PERIOD, FULL_ID, STATUS, ENCOUNTER) VALUES
('070D9B53D573D23CB1B7CF4FDC14C3F7.1-6720', TIMESTAMP '2008-06-11 06:46:34.0', 'http://demo.oridashi.com.au:8298/Observation/070D9B53D573D23CB1B7CF4FDC14C3F7.1-6720/_history/20130222013249', 'FINAL', '070D9B53D573D23CB1B7CF4FDC14C3F7.1-587'),
('070D9B53D573D23CB1B7CF4FDC14C3F7.1-6721', TIMESTAMP '2008-06-11 06:46:34.0', 'http://demo.oridashi.com.au:8298/Observation/070D9B53D573D23CB1B7CF4FDC14C3F7.1-6721/_history/20130222013249', 'FINAL', '070D9B53D573D23CB1B7CF4FDC14C3F7.1-586'),
('070D9B53D573D23CB1B7CF4FDC14C3F7.1-6722', TIMESTAMP '2008-06-11 06:46:34.0', 'http://demo.oridashi.com.au:8298/Observation/070D9B53D573D23CB1B7CF4FDC14C3F7.1-6722/_history/20130222013249', 'FINAL', '070D9B53D573D23CB1B7CF4FDC14C3F7.1-586'),
('070D9B53D573D23CB1B7CF4FDC14C3F7.1-6723', TIMESTAMP '2008-08-18 05:02:19.0', 'http://demo.oridashi.com.au:8298/Observation/070D9B53D573D23CB1B7CF4FDC14C3F7.1-6723/_history/20130222013249', 'FINAL', '070D9B53D573D23CB1B7CF4FDC14C3F7.1-586'),
('070D9B53D573D23CB1B7CF4FDC14C3F7.1-6725', TIMESTAMP '2008-08-18 05:02:19.0', 'http://demo.oridashi.com.au:8298/Observation/070D9B53D573D23CB1B7CF4FDC14C3F7.1-6725/_history/20130222013249', 'FINAL', '070D9B53D573D23CB1B7CF4FDC14C3F7.1-586'),
('070D9B53D573D23CB1B7CF4FDC14C3F7.1-6726', TIMESTAMP '2008-08-18 05:29:51.0', 'http://demo.oridashi.com.au:8298/Observation/070D9B53D573D23CB1B7CF4FDC14C3F7.1-6726/_history/20130222013249', 'FINAL', '070D9B53D573D23CB1B7CF4FDC14C3F7.1-586'),
('070D9B53D573D23CB1B7CF4FDC14C3F7.1-6727', TIMESTAMP '2008-08-18 05:29:51.0', 'http://demo.oridashi.com.au:8298/Observation/070D9B53D573D23CB1B7CF4FDC14C3F7.1-6727/_history/20130222013249', 'FINAL', '070D9B53D573D23CB1B7CF4FDC14C3F7.1-586'),
('070D9B53D573D23CB1B7CF4FDC14C3F7.1-6728', TIMESTAMP '2008-08-18 05:29:51.0', 'http://demo.oridashi.com.au:8298/Observation/070D9B53D573D23CB1B7CF4FDC14C3F7.1-6728/_history/20130222013249', 'FINAL', '070D9B53D573D23CB1B7CF4FDC14C3F7.1-586'),
('070D9B53D573D23CB1B7CF4FDC14C3F7.1-6729', TIMESTAMP '2008-09-12 05:55:55.0', 'http://demo.oridashi.com.au:8298/Observation/070D9B53D573D23CB1B7CF4FDC14C3F7.1-6729/_history/20130222013249', 'FINAL', '070D9B53D573D23CB1B7CF4FDC14C3F7.1-586'),
('070D9B53D573D23CB1B7CF4FDC14C3F7.1-6730', TIMESTAMP '2008-09-12 05:55:55.0', 'http://demo.oridashi.com.au:8298/Observation/070D9B53D573D23CB1B7CF4FDC14C3F7.1-6730/_history/20130222013249', 'FINAL', '070D9B53D573D23CB1B7CF4FDC14C3F7.1-586'),
('070D9B53D573D23CB1B7CF4FDC14C3F7.1-6731', TIMESTAMP '2008-09-12 05:55:55.0', 'http://demo.oridashi.com.au:8298/Observation/070D9B53D573D23CB1B7CF4FDC14C3F7.1-6731/_history/20130222013249', 'FINAL', '070D9B53D573D23CB1B7CF4FDC14C3F7.1-586'),
('070D9B53D573D23CB1B7CF4FDC14C3F7.1-6732', TIMESTAMP '2008-12-14 05:56:59.0', 'http://demo.oridashi.com.au:8298/Observation/070D9B53D573D23CB1B7CF4FDC14C3F7.1-6732/_history/20130222013249', 'FINAL', '070D9B53D573D23CB1B7CF4FDC14C3F7.1-585'),
('070D9B53D573D23CB1B7CF4FDC14C3F7.1-6733', TIMESTAMP '2008-12-14 05:56:59.0', 'http://demo.oridashi.com.au:8298/Observation/070D9B53D573D23CB1B7CF4FDC14C3F7.1-6733/_history/20130222013249', 'FINAL', '070D9B53D573D23CB1B7CF4FDC14C3F7.1-585'),
('070D9B53D573D23CB1B7CF4FDC14C3F7.1-6734', TIMESTAMP '2008-12-14 05:56:59.0', 'http://demo.oridashi.com.au:8298/Observation/070D9B53D573D23CB1B7CF4FDC14C3F7.1-6734/_history/20130222013249', 'FINAL', '070D9B53D573D23CB1B7CF4FDC14C3F7.1-585'),
('070D9B53D573D23CB1B7CF4FDC14C3F7.1-6735', TIMESTAMP '2009-02-20 06:09:00.0', 'http://demo.oridashi.com.au:8298/Observation/070D9B53D573D23CB1B7CF4FDC14C3F7.1-6735/_history/20130222013249', 'FINAL', '070D9B53D573D23CB1B7CF4FDC14C3F7.1-585'),
('070D9B53D573D23CB1B7CF4FDC14C3F7.1-6737', TIMESTAMP '2009-02-20 06:09:00.0', 'http://demo.oridashi.com.au:8298/Observation/070D9B53D573D23CB1B7CF4FDC14C3F7.1-6737/_history/20130222013249', 'FINAL', '070D9B53D573D23CB1B7CF4FDC14C3F7.1-585'),
('070D9B53D573D23CB1B7CF4FDC14C3F7.1-6738', TIMESTAMP '2009-02-21 05:29:40.0', 'http://demo.oridashi.com.au:8298/Observation/070D9B53D573D23CB1B7CF4FDC14C3F7.1-6738/_history/20130222013249', 'FINAL', '070D9B53D573D23CB1B7CF4FDC14C3F7.1-585');               
INSERT INTO PUBLIC.OBSERVATION(ID, EFFECTIVE_START_PERIOD, FULL_ID, STATUS, ENCOUNTER) VALUES
('070D9B53D573D23CB1B7CF4FDC14C3F7.1-6740', TIMESTAMP '2009-02-21 05:29:40.0', 'http://demo.oridashi.com.au:8298/Observation/070D9B53D573D23CB1B7CF4FDC14C3F7.1-6740/_history/20130222013249', 'FINAL', '070D9B53D573D23CB1B7CF4FDC14C3F7.1-585'),
('070D9B53D573D23CB1B7CF4FDC14C3F7.1-6741', TIMESTAMP '2009-03-18 10:52:13.0', 'http://demo.oridashi.com.au:8298/Observation/070D9B53D573D23CB1B7CF4FDC14C3F7.1-6741/_history/20130222013249', 'FINAL', '070D9B53D573D23CB1B7CF4FDC14C3F7.1-585'),
('070D9B53D573D23CB1B7CF4FDC14C3F7.1-6742', TIMESTAMP '2009-03-18 10:52:13.0', 'http://demo.oridashi.com.au:8298/Observation/070D9B53D573D23CB1B7CF4FDC14C3F7.1-6742/_history/20130222013249', 'FINAL', '070D9B53D573D23CB1B7CF4FDC14C3F7.1-585'),
('070D9B53D573D23CB1B7CF4FDC14C3F7.1-6743', TIMESTAMP '2009-03-18 10:52:13.0', 'http://demo.oridashi.com.au:8298/Observation/070D9B53D573D23CB1B7CF4FDC14C3F7.1-6743/_history/20130222013249', 'FINAL', '070D9B53D573D23CB1B7CF4FDC14C3F7.1-585'),
('070D9B53D573D23CB1B7CF4FDC14C3F7.1-6744', TIMESTAMP '2009-06-11 09:44:59.0', 'http://demo.oridashi.com.au:8298/Observation/070D9B53D573D23CB1B7CF4FDC14C3F7.1-6744/_history/20130222013249', 'FINAL', '070D9B53D573D23CB1B7CF4FDC14C3F7.1-584'),
('070D9B53D573D23CB1B7CF4FDC14C3F7.1-6745', TIMESTAMP '2009-06-11 09:44:59.0', 'http://demo.oridashi.com.au:8298/Observation/070D9B53D573D23CB1B7CF4FDC14C3F7.1-6745/_history/20130222013249', 'FINAL', '070D9B53D573D23CB1B7CF4FDC14C3F7.1-584'),
('070D9B53D573D23CB1B7CF4FDC14C3F7.1-6746', TIMESTAMP '2009-06-11 09:44:59.0', 'http://demo.oridashi.com.au:8298/Observation/070D9B53D573D23CB1B7CF4FDC14C3F7.1-6746/_history/20130222013249', 'FINAL', '070D9B53D573D23CB1B7CF4FDC14C3F7.1-584'),
('070D9B53D573D23CB1B7CF4FDC14C3F7.1-6747', TIMESTAMP '2009-08-09 11:50:46.0', 'http://demo.oridashi.com.au:8298/Observation/070D9B53D573D23CB1B7CF4FDC14C3F7.1-6747/_history/20130222013249', 'FINAL', '070D9B53D573D23CB1B7CF4FDC14C3F7.1-584'),
('070D9B53D573D23CB1B7CF4FDC14C3F7.1-6749', TIMESTAMP '2009-08-09 11:50:46.0', 'http://demo.oridashi.com.au:8298/Observation/070D9B53D573D23CB1B7CF4FDC14C3F7.1-6749/_history/20130222013249', 'FINAL', '070D9B53D573D23CB1B7CF4FDC14C3F7.1-584'),
('070D9B53D573D23CB1B7CF4FDC14C3F7.1-6750', TIMESTAMP '2009-08-11 10:01:11.0', 'http://demo.oridashi.com.au:8298/Observation/070D9B53D573D23CB1B7CF4FDC14C3F7.1-6750/_history/20130222013249', 'FINAL', '070D9B53D573D23CB1B7CF4FDC14C3F7.1-584'),
('070D9B53D573D23CB1B7CF4FDC14C3F7.1-6752', TIMESTAMP '2009-08-11 10:01:11.0', 'http://demo.oridashi.com.au:8298/Observation/070D9B53D573D23CB1B7CF4FDC14C3F7.1-6752/_history/20130222013249', 'FINAL', '070D9B53D573D23CB1B7CF4FDC14C3F7.1-584'),
('070D9B53D573D23CB1B7CF4FDC14C3F7.1-6753', TIMESTAMP '2009-08-16 08:42:54.0', 'http://demo.oridashi.com.au:8298/Observation/070D9B53D573D23CB1B7CF4FDC14C3F7.1-6753/_history/20130222013249', 'FINAL', '070D9B53D573D23CB1B7CF4FDC14C3F7.1-584'),
('070D9B53D573D23CB1B7CF4FDC14C3F7.1-6754', TIMESTAMP '2009-08-16 08:42:54.0', 'http://demo.oridashi.com.au:8298/Observation/070D9B53D573D23CB1B7CF4FDC14C3F7.1-6754/_history/20130222013249', 'FINAL', '070D9B53D573D23CB1B7CF4FDC14C3F7.1-584'),
('070D9B53D573D23CB1B7CF4FDC14C3F7.1-6755', TIMESTAMP '2009-08-16 08:42:54.0', 'http://demo.oridashi.com.au:8298/Observation/070D9B53D573D23CB1B7CF4FDC14C3F7.1-6755/_history/20130222013249', 'FINAL', '070D9B53D573D23CB1B7CF4FDC14C3F7.1-584'),
('070D9B53D573D23CB1B7CF4FDC14C3F7.1-6756', TIMESTAMP '2009-09-17 05:37:01.0', 'http://demo.oridashi.com.au:8298/Observation/070D9B53D573D23CB1B7CF4FDC14C3F7.1-6756/_history/20130222013249', 'FINAL', '070D9B53D573D23CB1B7CF4FDC14C3F7.1-583'),
('070D9B53D573D23CB1B7CF4FDC14C3F7.1-6757', TIMESTAMP '2009-09-17 05:37:01.0', 'http://demo.oridashi.com.au:8298/Observation/070D9B53D573D23CB1B7CF4FDC14C3F7.1-6757/_history/20130222013249', 'FINAL', '070D9B53D573D23CB1B7CF4FDC14C3F7.1-583'),
('070D9B53D573D23CB1B7CF4FDC14C3F7.1-6758', TIMESTAMP '2009-09-17 05:37:01.0', 'http://demo.oridashi.com.au:8298/Observation/070D9B53D573D23CB1B7CF4FDC14C3F7.1-6758/_history/20130222013249', 'FINAL', '070D9B53D573D23CB1B7CF4FDC14C3F7.1-583');               
INSERT INTO PUBLIC.OBSERVATION(ID, EFFECTIVE_START_PERIOD, FULL_ID, STATUS, ENCOUNTER) VALUES
('070D9B53D573D23CB1B7CF4FDC14C3F7.1-6759', TIMESTAMP '2009-12-12 05:58:07.0', 'http://demo.oridashi.com.au:8298/Observation/070D9B53D573D23CB1B7CF4FDC14C3F7.1-6759/_history/20130222013249', 'FINAL', '070D9B53D573D23CB1B7CF4FDC14C3F7.1-583'),
('070D9B53D573D23CB1B7CF4FDC14C3F7.1-6760', TIMESTAMP '2009-12-12 05:58:07.0', 'http://demo.oridashi.com.au:8298/Observation/070D9B53D573D23CB1B7CF4FDC14C3F7.1-6760/_history/20130222013249', 'FINAL', '070D9B53D573D23CB1B7CF4FDC14C3F7.1-583'),
('070D9B53D573D23CB1B7CF4FDC14C3F7.1-6761', TIMESTAMP '2009-12-12 05:58:07.0', 'http://demo.oridashi.com.au:8298/Observation/070D9B53D573D23CB1B7CF4FDC14C3F7.1-6761/_history/20130222013249', 'FINAL', '070D9B53D573D23CB1B7CF4FDC14C3F7.1-583'),
('070D9B53D573D23CB1B7CF4FDC14C3F7.1-6762', TIMESTAMP '2010-02-10 06:52:52.0', 'http://demo.oridashi.com.au:8298/Observation/070D9B53D573D23CB1B7CF4FDC14C3F7.1-6762/_history/20130222013249', 'FINAL', '070D9B53D573D23CB1B7CF4FDC14C3F7.1-583'),
('070D9B53D573D23CB1B7CF4FDC14C3F7.1-6764', TIMESTAMP '2010-02-10 06:52:52.0', 'http://demo.oridashi.com.au:8298/Observation/070D9B53D573D23CB1B7CF4FDC14C3F7.1-6764/_history/20130222013249', 'FINAL', '070D9B53D573D23CB1B7CF4FDC14C3F7.1-583'),
('070D9B53D573D23CB1B7CF4FDC14C3F7.1-6765', TIMESTAMP '2010-02-21 10:33:46.0', 'http://demo.oridashi.com.au:8298/Observation/070D9B53D573D23CB1B7CF4FDC14C3F7.1-6765/_history/20130222013249', 'FINAL', '070D9B53D573D23CB1B7CF4FDC14C3F7.1-583'),
('070D9B53D573D23CB1B7CF4FDC14C3F7.1-6767', TIMESTAMP '2010-02-21 10:33:46.0', 'http://demo.oridashi.com.au:8298/Observation/070D9B53D573D23CB1B7CF4FDC14C3F7.1-6767/_history/20130222013249', 'FINAL', '070D9B53D573D23CB1B7CF4FDC14C3F7.1-583'),
('070D9B53D573D23CB1B7CF4FDC14C3F7.1-6768', TIMESTAMP '2010-03-15 11:01:48.0', 'http://demo.oridashi.com.au:8298/Observation/070D9B53D573D23CB1B7CF4FDC14C3F7.1-6768/_history/20130222013249', 'FINAL', '070D9B53D573D23CB1B7CF4FDC14C3F7.1-581'),
('070D9B53D573D23CB1B7CF4FDC14C3F7.1-6769', TIMESTAMP '2010-03-15 11:01:48.0', 'http://demo.oridashi.com.au:8298/Observation/070D9B53D573D23CB1B7CF4FDC14C3F7.1-6769/_history/20130222013249', 'FINAL', '070D9B53D573D23CB1B7CF4FDC14C3F7.1-581'),
('070D9B53D573D23CB1B7CF4FDC14C3F7.1-6770', TIMESTAMP '2010-03-15 11:01:48.0', 'http://demo.oridashi.com.au:8298/Observation/070D9B53D573D23CB1B7CF4FDC14C3F7.1-6770/_history/20130222013249', 'FINAL', '070D9B53D573D23CB1B7CF4FDC14C3F7.1-581'),
('070D9B53D573D23CB1B7CF4FDC14C3F7.1-6771', TIMESTAMP '2010-06-17 06:27:37.0', 'http://demo.oridashi.com.au:8298/Observation/070D9B53D573D23CB1B7CF4FDC14C3F7.1-6771/_history/20130222013249', 'FINAL', '070D9B53D573D23CB1B7CF4FDC14C3F7.1-581'),
('070D9B53D573D23CB1B7CF4FDC14C3F7.1-6772', TIMESTAMP '2010-06-17 06:27:37.0', 'http://demo.oridashi.com.au:8298/Observation/070D9B53D573D23CB1B7CF4FDC14C3F7.1-6772/_history/20130222013249', 'FINAL', '070D9B53D573D23CB1B7CF4FDC14C3F7.1-581'),
('070D9B53D573D23CB1B7CF4FDC14C3F7.1-6773', TIMESTAMP '2010-06-17 06:27:37.0', 'http://demo.oridashi.com.au:8298/Observation/070D9B53D573D23CB1B7CF4FDC14C3F7.1-6773/_history/20130222013249', 'FINAL', '070D9B53D573D23CB1B7CF4FDC14C3F7.1-581'),
('070D9B53D573D23CB1B7CF4FDC14C3F7.1-6774', TIMESTAMP '2010-08-10 07:33:50.0', 'http://demo.oridashi.com.au:8298/Observation/070D9B53D573D23CB1B7CF4FDC14C3F7.1-6774/_history/20130222013249', 'FINAL', '070D9B53D573D23CB1B7CF4FDC14C3F7.1-581'),
('070D9B53D573D23CB1B7CF4FDC14C3F7.1-6776', TIMESTAMP '2010-08-10 07:33:50.0', 'http://demo.oridashi.com.au:8298/Observation/070D9B53D573D23CB1B7CF4FDC14C3F7.1-6776/_history/20130222013249', 'FINAL', '070D9B53D573D23CB1B7CF4FDC14C3F7.1-581'),
('070D9B53D573D23CB1B7CF4FDC14C3F7.1-6777', TIMESTAMP '2010-08-20 07:00:21.0', 'http://demo.oridashi.com.au:8298/Observation/070D9B53D573D23CB1B7CF4FDC14C3F7.1-6777/_history/20130222013249', 'FINAL', '070D9B53D573D23CB1B7CF4FDC14C3F7.1-581'),
('070D9B53D573D23CB1B7CF4FDC14C3F7.1-6779', TIMESTAMP '2010-08-20 07:00:21.0', 'http://demo.oridashi.com.au:8298/Observation/070D9B53D573D23CB1B7CF4FDC14C3F7.1-6779/_history/20130222013249', 'FINAL', '070D9B53D573D23CB1B7CF4FDC14C3F7.1-581');               
INSERT INTO PUBLIC.OBSERVATION(ID, EFFECTIVE_START_PERIOD, FULL_ID, STATUS, ENCOUNTER) VALUES
('070D9B53D573D23CB1B7CF4FDC14C3F7.1-6780', TIMESTAMP '2010-08-22 04:30:47.0', 'http://demo.oridashi.com.au:8298/Observation/070D9B53D573D23CB1B7CF4FDC14C3F7.1-6780/_history/20130222013249', 'FINAL', '070D9B53D573D23CB1B7CF4FDC14C3F7.1-578'),
('070D9B53D573D23CB1B7CF4FDC14C3F7.1-6781', TIMESTAMP '2010-08-22 04:30:47.0', 'http://demo.oridashi.com.au:8298/Observation/070D9B53D573D23CB1B7CF4FDC14C3F7.1-6781/_history/20130222013249', 'FINAL', '070D9B53D573D23CB1B7CF4FDC14C3F7.1-578'),
('070D9B53D573D23CB1B7CF4FDC14C3F7.1-6782', TIMESTAMP '2010-08-22 04:30:47.0', 'http://demo.oridashi.com.au:8298/Observation/070D9B53D573D23CB1B7CF4FDC14C3F7.1-6782/_history/20130222013249', 'FINAL', '070D9B53D573D23CB1B7CF4FDC14C3F7.1-578'),
('070D9B53D573D23CB1B7CF4FDC14C3F7.1-6783', TIMESTAMP '2010-09-18 04:46:40.0', 'http://demo.oridashi.com.au:8298/Observation/070D9B53D573D23CB1B7CF4FDC14C3F7.1-6783/_history/20130222013249', 'FINAL', '070D9B53D573D23CB1B7CF4FDC14C3F7.1-578'),
('070D9B53D573D23CB1B7CF4FDC14C3F7.1-6784', TIMESTAMP '2010-09-18 04:46:40.0', 'http://demo.oridashi.com.au:8298/Observation/070D9B53D573D23CB1B7CF4FDC14C3F7.1-6784/_history/20130222013249', 'FINAL', '070D9B53D573D23CB1B7CF4FDC14C3F7.1-578'),
('070D9B53D573D23CB1B7CF4FDC14C3F7.1-6785', TIMESTAMP '2010-09-18 04:46:40.0', 'http://demo.oridashi.com.au:8298/Observation/070D9B53D573D23CB1B7CF4FDC14C3F7.1-6785/_history/20130222013249', 'FINAL', '070D9B53D573D23CB1B7CF4FDC14C3F7.1-578'),
('070D9B53D573D23CB1B7CF4FDC14C3F7.1-6786', TIMESTAMP '2010-12-13 07:26:24.0', 'http://demo.oridashi.com.au:8298/Observation/070D9B53D573D23CB1B7CF4FDC14C3F7.1-6786/_history/20130222013249', 'FINAL', '070D9B53D573D23CB1B7CF4FDC14C3F7.1-578'),
('070D9B53D573D23CB1B7CF4FDC14C3F7.1-6787', TIMESTAMP '2010-12-13 07:26:24.0', 'http://demo.oridashi.com.au:8298/Observation/070D9B53D573D23CB1B7CF4FDC14C3F7.1-6787/_history/20130222013249', 'FINAL', '070D9B53D573D23CB1B7CF4FDC14C3F7.1-578'),
('070D9B53D573D23CB1B7CF4FDC14C3F7.1-6788', TIMESTAMP '2010-12-13 07:26:24.0', 'http://demo.oridashi.com.au:8298/Observation/070D9B53D573D23CB1B7CF4FDC14C3F7.1-6788/_history/20130222013249', 'FINAL', '070D9B53D573D23CB1B7CF4FDC14C3F7.1-578'),
('070D9B53D573D23CB1B7CF4FDC14C3F7.1-6789', TIMESTAMP '2011-02-11 08:36:14.0', 'http://demo.oridashi.com.au:8298/Observation/070D9B53D573D23CB1B7CF4FDC14C3F7.1-6789/_history/20130222013249', 'FINAL', '070D9B53D573D23CB1B7CF4FDC14C3F7.1-578'),
('070D9B53D573D23CB1B7CF4FDC14C3F7.1-6791', TIMESTAMP '2011-02-11 08:36:14.0', 'http://demo.oridashi.com.au:8298/Observation/070D9B53D573D23CB1B7CF4FDC14C3F7.1-6791/_history/20130222013249', 'FINAL', '070D9B53D573D23CB1B7CF4FDC14C3F7.1-577'),
('070D9B53D573D23CB1B7CF4FDC14C3F7.1-6792', TIMESTAMP '2011-02-14 04:14:44.0', 'http://demo.oridashi.com.au:8298/Observation/070D9B53D573D23CB1B7CF4FDC14C3F7.1-6792/_history/20130222013249', 'FINAL', '070D9B53D573D23CB1B7CF4FDC14C3F7.1-577'),
('070D9B53D573D23CB1B7CF4FDC14C3F7.1-6794', TIMESTAMP '2011-02-14 04:14:44.0', 'http://demo.oridashi.com.au:8298/Observation/070D9B53D573D23CB1B7CF4FDC14C3F7.1-6794/_history/20130222013249', 'FINAL', '070D9B53D573D23CB1B7CF4FDC14C3F7.1-577'),
('070D9B53D573D23CB1B7CF4FDC14C3F7.1-6795', TIMESTAMP '2011-03-12 08:10:41.0', 'http://demo.oridashi.com.au:8298/Observation/070D9B53D573D23CB1B7CF4FDC14C3F7.1-6795/_history/20130222013249', 'FINAL', '070D9B53D573D23CB1B7CF4FDC14C3F7.1-577'),
('070D9B53D573D23CB1B7CF4FDC14C3F7.1-6796', TIMESTAMP '2011-03-12 08:10:41.0', 'http://demo.oridashi.com.au:8298/Observation/070D9B53D573D23CB1B7CF4FDC14C3F7.1-6796/_history/20130222013249', 'FINAL', '070D9B53D573D23CB1B7CF4FDC14C3F7.1-577'),
('070D9B53D573D23CB1B7CF4FDC14C3F7.1-6797', TIMESTAMP '2011-03-12 08:10:41.0', 'http://demo.oridashi.com.au:8298/Observation/070D9B53D573D23CB1B7CF4FDC14C3F7.1-6797/_history/20130222013249', 'FINAL', '070D9B53D573D23CB1B7CF4FDC14C3F7.1-577'),
('070D9B53D573D23CB1B7CF4FDC14C3F7.1-6798', TIMESTAMP '2011-06-22 07:10:21.0', 'http://demo.oridashi.com.au:8298/Observation/070D9B53D573D23CB1B7CF4FDC14C3F7.1-6798/_history/20130222013249', 'FINAL', '070D9B53D573D23CB1B7CF4FDC14C3F7.1-577');               
INSERT INTO PUBLIC.OBSERVATION(ID, EFFECTIVE_START_PERIOD, FULL_ID, STATUS, ENCOUNTER) VALUES
('070D9B53D573D23CB1B7CF4FDC14C3F7.1-6799', TIMESTAMP '2011-06-22 07:10:21.0', 'http://demo.oridashi.com.au:8298/Observation/070D9B53D573D23CB1B7CF4FDC14C3F7.1-6799/_history/20130222013249', 'FINAL', '070D9B53D573D23CB1B7CF4FDC14C3F7.1-577'),
('070D9B53D573D23CB1B7CF4FDC14C3F7.1-6800', TIMESTAMP '2011-06-22 07:10:21.0', 'http://demo.oridashi.com.au:8298/Observation/070D9B53D573D23CB1B7CF4FDC14C3F7.1-6800/_history/20130222013249', 'FINAL', '070D9B53D573D23CB1B7CF4FDC14C3F7.1-577'),
('070D9B53D573D23CB1B7CF4FDC14C3F7.1-6801', TIMESTAMP '2011-08-10 08:12:29.0', 'http://demo.oridashi.com.au:8298/Observation/070D9B53D573D23CB1B7CF4FDC14C3F7.1-6801/_history/20130222013249', 'FINAL', '070D9B53D573D23CB1B7CF4FDC14C3F7.1-577'),
('070D9B53D573D23CB1B7CF4FDC14C3F7.1-6803', TIMESTAMP '2011-08-10 08:12:29.0', 'http://demo.oridashi.com.au:8298/Observation/070D9B53D573D23CB1B7CF4FDC14C3F7.1-6803/_history/20130222013249', 'FINAL', '070D9B53D573D23CB1B7CF4FDC14C3F7.1-576'),
('070D9B53D573D23CB1B7CF4FDC14C3F7.1-6804', TIMESTAMP '2011-08-15 12:27:30.0', 'http://demo.oridashi.com.au:8298/Observation/070D9B53D573D23CB1B7CF4FDC14C3F7.1-6804/_history/20130222013249', 'FINAL', '070D9B53D573D23CB1B7CF4FDC14C3F7.1-576'),
('070D9B53D573D23CB1B7CF4FDC14C3F7.1-6806', TIMESTAMP '2011-08-15 12:27:30.0', 'http://demo.oridashi.com.au:8298/Observation/070D9B53D573D23CB1B7CF4FDC14C3F7.1-6806/_history/20130222013249', 'FINAL', '070D9B53D573D23CB1B7CF4FDC14C3F7.1-576'),
('070D9B53D573D23CB1B7CF4FDC14C3F7.1-6807', TIMESTAMP '2011-08-17 09:17:37.0', 'http://demo.oridashi.com.au:8298/Observation/070D9B53D573D23CB1B7CF4FDC14C3F7.1-6807/_history/20130222013249', 'FINAL', '070D9B53D573D23CB1B7CF4FDC14C3F7.1-576'),
('070D9B53D573D23CB1B7CF4FDC14C3F7.1-6808', TIMESTAMP '2011-08-17 09:17:37.0', 'http://demo.oridashi.com.au:8298/Observation/070D9B53D573D23CB1B7CF4FDC14C3F7.1-6808/_history/20130222013249', 'FINAL', '070D9B53D573D23CB1B7CF4FDC14C3F7.1-576'),
('070D9B53D573D23CB1B7CF4FDC14C3F7.1-6809', TIMESTAMP '2011-08-17 09:17:37.0', 'http://demo.oridashi.com.au:8298/Observation/070D9B53D573D23CB1B7CF4FDC14C3F7.1-6809/_history/20130222013249', 'FINAL', '070D9B53D573D23CB1B7CF4FDC14C3F7.1-576'),
('070D9B53D573D23CB1B7CF4FDC14C3F7.1-6810', TIMESTAMP '2011-09-10 08:31:31.0', 'http://demo.oridashi.com.au:8298/Observation/070D9B53D573D23CB1B7CF4FDC14C3F7.1-6810/_history/20130222013249', 'FINAL', '070D9B53D573D23CB1B7CF4FDC14C3F7.1-576'),
('070D9B53D573D23CB1B7CF4FDC14C3F7.1-6811', TIMESTAMP '2011-09-10 08:31:31.0', 'http://demo.oridashi.com.au:8298/Observation/070D9B53D573D23CB1B7CF4FDC14C3F7.1-6811/_history/20130222013249', 'FINAL', '070D9B53D573D23CB1B7CF4FDC14C3F7.1-576'),
('070D9B53D573D23CB1B7CF4FDC14C3F7.1-6812', TIMESTAMP '2011-09-10 08:31:31.0', 'http://demo.oridashi.com.au:8298/Observation/070D9B53D573D23CB1B7CF4FDC14C3F7.1-6812/_history/20130222013249', 'FINAL', '070D9B53D573D23CB1B7CF4FDC14C3F7.1-576'),
('070D9B53D573D23CB1B7CF4FDC14C3F7.1-6813', TIMESTAMP '2011-12-18 03:52:17.0', 'http://demo.oridashi.com.au:8298/Observation/070D9B53D573D23CB1B7CF4FDC14C3F7.1-6813/_history/20130222013249', 'FINAL', '070D9B53D573D23CB1B7CF4FDC14C3F7.1-576'),
('070D9B53D573D23CB1B7CF4FDC14C3F7.1-6814', TIMESTAMP '2011-12-18 03:52:17.0', 'http://demo.oridashi.com.au:8298/Observation/070D9B53D573D23CB1B7CF4FDC14C3F7.1-6814/_history/20130222013249', 'FINAL', '070D9B53D573D23CB1B7CF4FDC14C3F7.1-575'),
('070D9B53D573D23CB1B7CF4FDC14C3F7.1-6815', TIMESTAMP '2011-12-18 03:52:17.0', 'http://demo.oridashi.com.au:8298/Observation/070D9B53D573D23CB1B7CF4FDC14C3F7.1-6815/_history/20130222013249', 'FINAL', '070D9B53D573D23CB1B7CF4FDC14C3F7.1-575'),
('070D9B53D573D23CB1B7CF4FDC14C3F7.1-6816', TIMESTAMP '2012-03-12 03:53:23.0', 'http://demo.oridashi.com.au:8298/Observation/070D9B53D573D23CB1B7CF4FDC14C3F7.1-6816/_history/20130222013249', 'FINAL', '070D9B53D573D23CB1B7CF4FDC14C3F7.1-575'),
('070D9B53D573D23CB1B7CF4FDC14C3F7.1-6817', TIMESTAMP '2012-03-12 03:53:23.0', 'http://demo.oridashi.com.au:8298/Observation/070D9B53D573D23CB1B7CF4FDC14C3F7.1-6817/_history/20130222013249', 'FINAL', '070D9B53D573D23CB1B7CF4FDC14C3F7.1-575');               
INSERT INTO PUBLIC.OBSERVATION(ID, EFFECTIVE_START_PERIOD, FULL_ID, STATUS, ENCOUNTER) VALUES
('070D9B53D573D23CB1B7CF4FDC14C3F7.1-6818', TIMESTAMP '2012-03-12 04:02:34.0', 'http://demo.oridashi.com.au:8298/Observation/070D9B53D573D23CB1B7CF4FDC14C3F7.1-6818/_history/20130222013249', 'FINAL', '070D9B53D573D23CB1B7CF4FDC14C3F7.1-575'),
('070D9B53D573D23CB1B7CF4FDC14C3F7.1-6819', TIMESTAMP '2012-06-12 04:52:36.0', 'http://demo.oridashi.com.au:8298/Observation/070D9B53D573D23CB1B7CF4FDC14C3F7.1-6819/_history/20130222013249', 'FINAL', '070D9B53D573D23CB1B7CF4FDC14C3F7.1-575'),
('070D9B53D573D23CB1B7CF4FDC14C3F7.1-6820', TIMESTAMP '2012-06-12 04:52:36.0', 'http://demo.oridashi.com.au:8298/Observation/070D9B53D573D23CB1B7CF4FDC14C3F7.1-6820/_history/20130222013249', 'FINAL', '070D9B53D573D23CB1B7CF4FDC14C3F7.1-575'),
('070D9B53D573D23CB1B7CF4FDC14C3F7.1-6821', TIMESTAMP '2012-06-12 04:52:36.0', 'http://demo.oridashi.com.au:8298/Observation/070D9B53D573D23CB1B7CF4FDC14C3F7.1-6821/_history/20130222013249', 'FINAL', '070D9B53D573D23CB1B7CF4FDC14C3F7.1-575'),
('070D9B53D573D23CB1B7CF4FDC14C3F7.1-6822', TIMESTAMP '2012-08-13 11:05:10.0', 'http://demo.oridashi.com.au:8298/Observation/070D9B53D573D23CB1B7CF4FDC14C3F7.1-6822/_history/20130222013249', 'FINAL', '070D9B53D573D23CB1B7CF4FDC14C3F7.1-575'),
('070D9B53D573D23CB1B7CF4FDC14C3F7.1-6823', TIMESTAMP '2012-08-13 11:05:10.0', 'http://demo.oridashi.com.au:8298/Observation/070D9B53D573D23CB1B7CF4FDC14C3F7.1-6823/_history/20130222013249', 'FINAL', '070D9B53D573D23CB1B7CF4FDC14C3F7.1-575'),
('070D9B53D573D23CB1B7CF4FDC14C3F7.1-6824', TIMESTAMP '2012-08-13 11:05:10.0', 'http://demo.oridashi.com.au:8298/Observation/070D9B53D573D23CB1B7CF4FDC14C3F7.1-6824/_history/20130222013249', 'FINAL', '070D9B53D573D23CB1B7CF4FDC14C3F7.1-574'),
('070D9B53D573D23CB1B7CF4FDC14C3F7.1-6825', TIMESTAMP '2012-08-20 07:29:45.0', 'http://demo.oridashi.com.au:8298/Observation/070D9B53D573D23CB1B7CF4FDC14C3F7.1-6825/_history/20130222013249', 'FINAL', '070D9B53D573D23CB1B7CF4FDC14C3F7.1-574'),
('070D9B53D573D23CB1B7CF4FDC14C3F7.1-6827', TIMESTAMP '2012-08-20 07:29:45.0', 'http://demo.oridashi.com.au:8298/Observation/070D9B53D573D23CB1B7CF4FDC14C3F7.1-6827/_history/20130222013249', 'FINAL', '070D9B53D573D23CB1B7CF4FDC14C3F7.1-574'),
('070D9B53D573D23CB1B7CF4FDC14C3F7.1-6828', TIMESTAMP '2012-08-28 07:27:21.0', 'http://demo.oridashi.com.au:8298/Observation/070D9B53D573D23CB1B7CF4FDC14C3F7.1-6828/_history/20130222013249', 'FINAL', '070D9B53D573D23CB1B7CF4FDC14C3F7.1-574'),
('070D9B53D573D23CB1B7CF4FDC14C3F7.1-6829', TIMESTAMP '2012-08-28 07:27:21.0', 'http://demo.oridashi.com.au:8298/Observation/070D9B53D573D23CB1B7CF4FDC14C3F7.1-6829/_history/20130222013249', 'FINAL', '070D9B53D573D23CB1B7CF4FDC14C3F7.1-574'),
('070D9B53D573D23CB1B7CF4FDC14C3F7.1-6830', TIMESTAMP '2012-09-15 07:04:47.0', 'http://demo.oridashi.com.au:8298/Observation/070D9B53D573D23CB1B7CF4FDC14C3F7.1-6830/_history/20130222013249', 'FINAL', '070D9B53D573D23CB1B7CF4FDC14C3F7.1-574'),
('070D9B53D573D23CB1B7CF4FDC14C3F7.1-6831', TIMESTAMP '2012-09-15 07:04:47.0', 'http://demo.oridashi.com.au:8298/Observation/070D9B53D573D23CB1B7CF4FDC14C3F7.1-6831/_history/20130222013249', 'FINAL', '070D9B53D573D23CB1B7CF4FDC14C3F7.1-574'),
('070D9B53D573D23CB1B7CF4FDC14C3F7.1-6832', TIMESTAMP '2012-09-15 07:04:47.0', 'http://demo.oridashi.com.au:8298/Observation/070D9B53D573D23CB1B7CF4FDC14C3F7.1-6832/_history/20130222013249', 'FINAL', '070D9B53D573D23CB1B7CF4FDC14C3F7.1-574'),
('070D9B53D573D23CB1B7CF4FDC14C3F7.1-6833', TIMESTAMP '2012-12-22 11:01:16.0', 'http://demo.oridashi.com.au:8298/Observation/070D9B53D573D23CB1B7CF4FDC14C3F7.1-6833/_history/20130222013249', 'FINAL', '070D9B53D573D23CB1B7CF4FDC14C3F7.1-574'),
('070D9B53D573D23CB1B7CF4FDC14C3F7.1-6834', TIMESTAMP '2012-12-22 11:01:16.0', 'http://demo.oridashi.com.au:8298/Observation/070D9B53D573D23CB1B7CF4FDC14C3F7.1-6834/_history/20130222013249', 'FINAL', '070D9B53D573D23CB1B7CF4FDC14C3F7.1-574'),
('070D9B53D573D23CB1B7CF4FDC14C3F7.1-6835', TIMESTAMP '2012-12-22 11:01:16.0', 'http://demo.oridashi.com.au:8298/Observation/070D9B53D573D23CB1B7CF4FDC14C3F7.1-6835/_history/20130222013249', 'FINAL', '070D9B53D573D23CB1B7CF4FDC14C3F7.1-573');               
INSERT INTO PUBLIC.OBSERVATION(ID, EFFECTIVE_START_PERIOD, FULL_ID, STATUS, ENCOUNTER) VALUES
('070D9B53D573D23CB1B7CF4FDC14C3F7.1-6131', TIMESTAMP '2013-02-21 06:34:24.0', 'http://demo.oridashi.com.au:8298/Observation/070D9B53D573D23CB1B7CF4FDC14C3F7.1-6131/_history/20130221010435', 'FINAL', '070D9B53D573D23CB1B7CF4FDC14C3F7.1-573'),
('070D9B53D573D23CB1B7CF4FDC14C3F7.1-6129', TIMESTAMP '2013-02-21 06:34:24.0', 'http://demo.oridashi.com.au:8298/Observation/070D9B53D573D23CB1B7CF4FDC14C3F7.1-6129/_history/20130221010435', 'FINAL', '070D9B53D573D23CB1B7CF4FDC14C3F7.1-573'),
('070D9B53D573D23CB1B7CF4FDC14C3F7.1-6128', TIMESTAMP '2013-02-21 06:34:35.0', 'http://demo.oridashi.com.au:8298/Observation/070D9B53D573D23CB1B7CF4FDC14C3F7.1-6128/_history/20130221010435', 'FINAL', '070D9B53D573D23CB1B7CF4FDC14C3F7.1-573'),
('070D9B53D573D23CB1B7CF4FDC14C3F7.1-6127', TIMESTAMP '2013-02-21 06:34:35.0', 'http://demo.oridashi.com.au:8298/Observation/070D9B53D573D23CB1B7CF4FDC14C3F7.1-6127/_history/20130221010435', 'FINAL', '070D9B53D573D23CB1B7CF4FDC14C3F7.1-573'),
('070D9B53D573D23CB1B7CF4FDC14C3F7.1-6126', TIMESTAMP '2013-02-21 06:34:35.0', 'http://demo.oridashi.com.au:8298/Observation/070D9B53D573D23CB1B7CF4FDC14C3F7.1-6126/_history/20130221010435', 'FINAL', '070D9B53D573D23CB1B7CF4FDC14C3F7.1-573'),
('070D9B53D573D23CB1B7CF4FDC14C3F7.1-6125', TIMESTAMP '2013-02-21 06:34:35.0', 'http://demo.oridashi.com.au:8298/Observation/070D9B53D573D23CB1B7CF4FDC14C3F7.1-6125/_history/20130221010435', 'FINAL', '070D9B53D573D23CB1B7CF4FDC14C3F7.1-573'),
('070D9B53D573D23CB1B7CF4FDC14C3F7.1-5878', TIMESTAMP '2013-02-20 10:42:33.0', 'http://demo.oridashi.com.au:8298/Observation/070D9B53D573D23CB1B7CF4FDC14C3F7.1-5878/_history/20130220051233', 'FINAL', '070D9B53D573D23CB1B7CF4FDC14C3F7.1-573'),
('070D9B53D573D23CB1B7CF4FDC14C3F7.1-5877', TIMESTAMP '2013-02-20 10:42:33.0', 'http://demo.oridashi.com.au:8298/Observation/070D9B53D573D23CB1B7CF4FDC14C3F7.1-5877/_history/20130220051233', 'FINAL', '070D9B53D573D23CB1B7CF4FDC14C3F7.1-573'),
('070D9B53D573D23CB1B7CF4FDC14C3F7.1-5876', TIMESTAMP '2013-02-20 10:42:33.0', 'http://demo.oridashi.com.au:8298/Observation/070D9B53D573D23CB1B7CF4FDC14C3F7.1-5876/_history/20130220051233', 'FINAL', '070D9B53D573D23CB1B7CF4FDC14C3F7.1-573'),
('070D9B53D573D23CB1B7CF4FDC14C3F7.1-5875', TIMESTAMP '2013-02-20 10:42:33.0', 'http://demo.oridashi.com.au:8298/Observation/070D9B53D573D23CB1B7CF4FDC14C3F7.1-5875/_history/20130220051233', 'FINAL', '070D9B53D573D23CB1B7CF4FDC14C3F7.1-572'),
('070D9B53D573D23CB1B7CF4FDC14C3F7.1-5874', TIMESTAMP '2013-02-20 10:42:26.0', 'http://demo.oridashi.com.au:8298/Observation/070D9B53D573D23CB1B7CF4FDC14C3F7.1-5874/_history/20130220051233', 'FINAL', '070D9B53D573D23CB1B7CF4FDC14C3F7.1-572'),
('070D9B53D573D23CB1B7CF4FDC14C3F7.1-5872', TIMESTAMP '2013-02-20 10:42:26.0', 'http://demo.oridashi.com.au:8298/Observation/070D9B53D573D23CB1B7CF4FDC14C3F7.1-5872/_history/20130220051233', 'FINAL', '070D9B53D573D23CB1B7CF4FDC14C3F7.1-572'),
('070D9B53D573D23CB1B7CF4FDC14C3F7.1-4862', TIMESTAMP '2012-06-16 11:20:32.0', 'http://demo.oridashi.com.au:8298/Observation/070D9B53D573D23CB1B7CF4FDC14C3F7.1-4862/_history/20130219045033', 'FINAL', '070D9B53D573D23CB1B7CF4FDC14C3F7.1-572'),
('070D9B53D573D23CB1B7CF4FDC14C3F7.1-4859', TIMESTAMP '2012-06-16 11:20:32.0', 'http://demo.oridashi.com.au:8298/Observation/070D9B53D573D23CB1B7CF4FDC14C3F7.1-4859/_history/20130219045032', 'FINAL', '070D9B53D573D23CB1B7CF4FDC14C3F7.1-572'),
('070D9B53D573D23CB1B7CF4FDC14C3F7.1-5304', TIMESTAMP '2013-02-19 10:20:32.0', 'http://demo.oridashi.com.au:8298/Observation/070D9B53D573D23CB1B7CF4FDC14C3F7.1-5304/_history/20130219045032', 'FINAL', '070D9B53D573D23CB1B7CF4FDC14C3F7.1-572'),
('070D9B53D573D23CB1B7CF4FDC14C3F7.1-5303', TIMESTAMP '2013-02-19 10:20:32.0', 'http://demo.oridashi.com.au:8298/Observation/070D9B53D573D23CB1B7CF4FDC14C3F7.1-5303/_history/20130219045032', 'FINAL', '070D9B53D573D23CB1B7CF4FDC14C3F7.1-572'),
('070D9B53D573D23CB1B7CF4FDC14C3F7.1-5282', TIMESTAMP '2013-02-19 10:20:32.0', 'http://demo.oridashi.com.au:8298/Observation/070D9B53D573D23CB1B7CF4FDC14C3F7.1-5282/_history/20130219045032', 'FINAL', '070D9B53D573D23CB1B7CF4FDC14C3F7.1-572');               
INSERT INTO PUBLIC.OBSERVATION(ID, EFFECTIVE_START_PERIOD, FULL_ID, STATUS, ENCOUNTER) VALUES
('070D9B53D573D23CB1B7CF4FDC14C3F7.1-5281', TIMESTAMP '2013-02-19 10:20:32.0', 'http://demo.oridashi.com.au:8298/Observation/070D9B53D573D23CB1B7CF4FDC14C3F7.1-5281/_history/20130219045032', 'FINAL', '070D9B53D573D23CB1B7CF4FDC14C3F7.1-572'),
('070D9B53D573D23CB1B7CF4FDC14C3F7.1-5280', TIMESTAMP '2013-02-19 10:20:32.0', 'http://demo.oridashi.com.au:8298/Observation/070D9B53D573D23CB1B7CF4FDC14C3F7.1-5280/_history/20130219045032', 'FINAL', '070D9B53D573D23CB1B7CF4FDC14C3F7.1-572'),
('070D9B53D573D23CB1B7CF4FDC14C3F7.1-5275', TIMESTAMP '2013-02-19 10:20:32.0', 'http://demo.oridashi.com.au:8298/Observation/070D9B53D573D23CB1B7CF4FDC14C3F7.1-5275/_history/20130219045032', 'FINAL', '070D9B53D573D23CB1B7CF4FDC14C3F7.1-571'),
('070D9B53D573D23CB1B7CF4FDC14C3F7.1-5077', TIMESTAMP '2013-02-19 10:20:32.0', 'http://demo.oridashi.com.au:8298/Observation/070D9B53D573D23CB1B7CF4FDC14C3F7.1-5077/_history/20130219045032', 'FINAL', '070D9B53D573D23CB1B7CF4FDC14C3F7.1-571'),
('070D9B53D573D23CB1B7CF4FDC14C3F7.1-5075', TIMESTAMP '2013-02-19 10:20:32.0', 'http://demo.oridashi.com.au:8298/Observation/070D9B53D573D23CB1B7CF4FDC14C3F7.1-5075/_history/20130219045032', 'FINAL', '070D9B53D573D23CB1B7CF4FDC14C3F7.1-571'),
('070D9B53D573D23CB1B7CF4FDC14C3F7.1-5074', TIMESTAMP '2013-02-19 10:20:32.0', 'http://demo.oridashi.com.au:8298/Observation/070D9B53D573D23CB1B7CF4FDC14C3F7.1-5074/_history/20130219045032', 'FINAL', '070D9B53D573D23CB1B7CF4FDC14C3F7.1-571'),
('070D9B53D573D23CB1B7CF4FDC14C3F7.1-5073', TIMESTAMP '2013-02-19 10:20:32.0', 'http://demo.oridashi.com.au:8298/Observation/070D9B53D573D23CB1B7CF4FDC14C3F7.1-5073/_history/20130219045032', 'FINAL', '070D9B53D573D23CB1B7CF4FDC14C3F7.1-571'),
('070D9B53D573D23CB1B7CF4FDC14C3F7.1-5079', TIMESTAMP '2013-02-19 09:45:16.0', 'http://demo.oridashi.com.au:8298/Observation/070D9B53D573D23CB1B7CF4FDC14C3F7.1-5079/_history/20130219041524', 'FINAL', '070D9B53D573D23CB1B7CF4FDC14C3F7.1-571'),
('070D9B53D573D23CB1B7CF4FDC14C3F7.1-5076', TIMESTAMP '2013-02-19 09:45:12.0', 'http://demo.oridashi.com.au:8298/Observation/070D9B53D573D23CB1B7CF4FDC14C3F7.1-5076/_history/20130219041512', 'FINAL', '070D9B53D573D23CB1B7CF4FDC14C3F7.1-571'),
('070D9B53D573D23CB1B7CF4FDC14C3F7.1-4149', TIMESTAMP '2013-02-18 10:14:59.0', 'http://demo.oridashi.com.au:8298/Observation/070D9B53D573D23CB1B7CF4FDC14C3F7.1-4149/_history/20130218044507', 'FINAL', '070D9B53D573D23CB1B7CF4FDC14C3F7.1-571'),
('070D9B53D573D23CB1B7CF4FDC14C3F7.1-4147', TIMESTAMP '2013-02-18 10:14:59.0', 'http://demo.oridashi.com.au:8298/Observation/070D9B53D573D23CB1B7CF4FDC14C3F7.1-4147/_history/20130218044507', 'FINAL', '070D9B53D573D23CB1B7CF4FDC14C3F7.1-571'),
('070D9B53D573D23CB1B7CF4FDC14C3F7.1-4146', TIMESTAMP '2013-02-18 10:14:59.0', 'http://demo.oridashi.com.au:8298/Observation/070D9B53D573D23CB1B7CF4FDC14C3F7.1-4146/_history/20130218044459', 'FINAL', '070D9B53D573D23CB1B7CF4FDC14C3F7.1-571'),
('070D9B53D573D23CB1B7CF4FDC14C3F7.1-4145', TIMESTAMP '2013-02-18 10:14:59.0', 'http://demo.oridashi.com.au:8298/Observation/070D9B53D573D23CB1B7CF4FDC14C3F7.1-4145/_history/20130218044459', 'FINAL', '070D9B53D573D23CB1B7CF4FDC14C3F7.1-590'),
('070D9B53D573D23CB1B7CF4FDC14C3F7.1-4144', TIMESTAMP '2013-02-18 10:14:59.0', 'http://demo.oridashi.com.au:8298/Observation/070D9B53D573D23CB1B7CF4FDC14C3F7.1-4144/_history/20130218044459', 'FINAL', '070D9B53D573D23CB1B7CF4FDC14C3F7.1-590'),
('070D9B53D573D23CB1B7CF4FDC14C3F7.1-4143', TIMESTAMP '2013-02-18 10:14:59.0', 'http://demo.oridashi.com.au:8298/Observation/070D9B53D573D23CB1B7CF4FDC14C3F7.1-4143/_history/20130218044459', 'FINAL', '070D9B53D573D23CB1B7CF4FDC14C3F7.1-590'),
('070D9B53D573D23CB1B7CF4FDC14C3F7.1-4222', TIMESTAMP '2013-02-18 10:10:35.997', 'http://demo.oridashi.com.au:8298/Observation/070D9B53D573D23CB1B7CF4FDC14C3F7.1-4222/_history/20130218044035', 'FINAL', '070D9B53D573D23CB1B7CF4FDC14C3F7.1-590'),
('070D9B53D573D23CB1B7CF4FDC14C3F7.1-4219', TIMESTAMP '2013-02-18 10:10:35.993', 'http://demo.oridashi.com.au:8298/Observation/070D9B53D573D23CB1B7CF4FDC14C3F7.1-4219/_history/20130218044035', 'FINAL', '070D9B53D573D23CB1B7CF4FDC14C3F7.1-590');           
INSERT INTO PUBLIC.OBSERVATION(ID, EFFECTIVE_START_PERIOD, FULL_ID, STATUS, ENCOUNTER) VALUES
('070D9B53D573D23CB1B7CF4FDC14C3F7.1-4221', TIMESTAMP '2013-02-18 10:10:35.957', 'http://demo.oridashi.com.au:8298/Observation/070D9B53D573D23CB1B7CF4FDC14C3F7.1-4221/_history/20130218044035', 'FINAL', '070D9B53D573D23CB1B7CF4FDC14C3F7.1-590'),
('070D9B53D573D23CB1B7CF4FDC14C3F7.1-4220', TIMESTAMP '2013-02-18 10:10:35.95', 'http://demo.oridashi.com.au:8298/Observation/070D9B53D573D23CB1B7CF4FDC14C3F7.1-4220/_history/20130218044035', 'FINAL', '070D9B53D573D23CB1B7CF4FDC14C3F7.1-590'),
('070D9B53D573D23CB1B7CF4FDC14C3F7.1-4218', TIMESTAMP '2013-02-18 10:10:35.87', 'http://demo.oridashi.com.au:8298/Observation/070D9B53D573D23CB1B7CF4FDC14C3F7.1-4218/_history/20130218044035', 'FINAL', '070D9B53D573D23CB1B7CF4FDC14C3F7.1-590'),
('070D9B53D573D23CB1B7CF4FDC14C3F7.1-4215', TIMESTAMP '2013-02-18 10:10:35.867', 'http://demo.oridashi.com.au:8298/Observation/070D9B53D573D23CB1B7CF4FDC14C3F7.1-4215/_history/20130218044035', 'FINAL', '070D9B53D573D23CB1B7CF4FDC14C3F7.1-590'),
('070D9B53D573D23CB1B7CF4FDC14C3F7.1-4217', TIMESTAMP '2013-02-18 10:10:35.83', 'http://demo.oridashi.com.au:8298/Observation/070D9B53D573D23CB1B7CF4FDC14C3F7.1-4217/_history/20130218044035', 'FINAL', '070D9B53D573D23CB1B7CF4FDC14C3F7.1-590'),
('070D9B53D573D23CB1B7CF4FDC14C3F7.1-4216', TIMESTAMP '2013-02-18 10:10:35.823', 'http://demo.oridashi.com.au:8298/Observation/070D9B53D573D23CB1B7CF4FDC14C3F7.1-4216/_history/20130218044035', 'FINAL', '070D9B53D573D23CB1B7CF4FDC14C3F7.1-653'),
('070D9B53D573D23CB1B7CF4FDC14C3F7.1-4211', TIMESTAMP '2013-02-18 10:10:35.737', 'http://demo.oridashi.com.au:8298/Observation/070D9B53D573D23CB1B7CF4FDC14C3F7.1-4211/_history/20130218044035', 'FINAL', '070D9B53D573D23CB1B7CF4FDC14C3F7.1-653'),
('070D9B53D573D23CB1B7CF4FDC14C3F7.1-4214', TIMESTAMP '2013-02-18 10:10:35.737', 'http://demo.oridashi.com.au:8298/Observation/070D9B53D573D23CB1B7CF4FDC14C3F7.1-4214/_history/20130218044035', 'FINAL', '070D9B53D573D23CB1B7CF4FDC14C3F7.1-653'),
('070D9B53D573D23CB1B7CF4FDC14C3F7.1-4213', TIMESTAMP '2013-02-18 10:10:35.7', 'http://demo.oridashi.com.au:8298/Observation/070D9B53D573D23CB1B7CF4FDC14C3F7.1-4213/_history/20130218044035', 'FINAL', '070D9B53D573D23CB1B7CF4FDC14C3F7.1-653'),
('070D9B53D573D23CB1B7CF4FDC14C3F7.1-4212', TIMESTAMP '2013-02-18 10:10:35.697', 'http://demo.oridashi.com.au:8298/Observation/070D9B53D573D23CB1B7CF4FDC14C3F7.1-4212/_history/20130218044035', 'FINAL', '070D9B53D573D23CB1B7CF4FDC14C3F7.1-653'),
('070D9B53D573D23CB1B7CF4FDC14C3F7.1-4210', TIMESTAMP '2013-02-18 10:10:35.627', 'http://demo.oridashi.com.au:8298/Observation/070D9B53D573D23CB1B7CF4FDC14C3F7.1-4210/_history/20130218044035', 'FINAL', '070D9B53D573D23CB1B7CF4FDC14C3F7.1-653'),
('070D9B53D573D23CB1B7CF4FDC14C3F7.1-4207', TIMESTAMP '2013-02-18 10:10:35.623', 'http://demo.oridashi.com.au:8298/Observation/070D9B53D573D23CB1B7CF4FDC14C3F7.1-4207/_history/20130218044035', 'FINAL', '070D9B53D573D23CB1B7CF4FDC14C3F7.1-653'),
('070D9B53D573D23CB1B7CF4FDC14C3F7.1-4209', TIMESTAMP '2013-02-18 10:10:35.587', 'http://demo.oridashi.com.au:8298/Observation/070D9B53D573D23CB1B7CF4FDC14C3F7.1-4209/_history/20130218044035', 'FINAL', '070D9B53D573D23CB1B7CF4FDC14C3F7.1-653'),
('070D9B53D573D23CB1B7CF4FDC14C3F7.1-4208', TIMESTAMP '2013-02-18 10:10:35.58', 'http://demo.oridashi.com.au:8298/Observation/070D9B53D573D23CB1B7CF4FDC14C3F7.1-4208/_history/20130218044035', 'FINAL', '070D9B53D573D23CB1B7CF4FDC14C3F7.1-653'),
('070D9B53D573D23CB1B7CF4FDC14C3F7.1-3686', TIMESTAMP '2013-02-18 08:48:24.0', 'http://demo.oridashi.com.au:8298/Observation/070D9B53D573D23CB1B7CF4FDC14C3F7.1-3686/_history/20130218031824', 'FINAL', '070D9B53D573D23CB1B7CF4FDC14C3F7.1-653'),
('070D9B53D573D23CB1B7CF4FDC14C3F7.1-3642', TIMESTAMP '2013-02-18 08:48:24.0', 'http://demo.oridashi.com.au:8298/Observation/070D9B53D573D23CB1B7CF4FDC14C3F7.1-3642/_history/20130218031824', 'FINAL', '070D9B53D573D23CB1B7CF4FDC14C3F7.1-652'),
('070D9B53D573D23CB1B7CF4FDC14C3F7.1-3641', TIMESTAMP '2013-02-18 08:48:24.0', 'http://demo.oridashi.com.au:8298/Observation/070D9B53D573D23CB1B7CF4FDC14C3F7.1-3641/_history/20130218031824', 'FINAL', '070D9B53D573D23CB1B7CF4FDC14C3F7.1-652');         
INSERT INTO PUBLIC.OBSERVATION(ID, EFFECTIVE_START_PERIOD, FULL_ID, STATUS, ENCOUNTER) VALUES
('070D9B53D573D23CB1B7CF4FDC14C3F7.1-3640', TIMESTAMP '2013-02-18 08:48:24.0', 'http://demo.oridashi.com.au:8298/Observation/070D9B53D573D23CB1B7CF4FDC14C3F7.1-3640/_history/20130218031824', 'FINAL', '070D9B53D573D23CB1B7CF4FDC14C3F7.1-652'),
('070D9B53D573D23CB1B7CF4FDC14C3F7.1-3685', TIMESTAMP '2012-02-18 08:42:50.0', 'http://demo.oridashi.com.au:8298/Observation/070D9B53D573D23CB1B7CF4FDC14C3F7.1-3685/_history/20130218031250', 'FINAL', '070D9B53D573D23CB1B7CF4FDC14C3F7.1-652'),
('070D9B53D573D23CB1B7CF4FDC14C3F7.1-3684', TIMESTAMP '2012-02-18 08:42:50.0', 'http://demo.oridashi.com.au:8298/Observation/070D9B53D573D23CB1B7CF4FDC14C3F7.1-3684/_history/20130218031250', 'FINAL', '070D9B53D573D23CB1B7CF4FDC14C3F7.1-652'),
('070D9B53D573D23CB1B7CF4FDC14C3F7.1-3683', TIMESTAMP '2012-02-18 08:42:50.0', 'http://demo.oridashi.com.au:8298/Observation/070D9B53D573D23CB1B7CF4FDC14C3F7.1-3683/_history/20130218031250', 'FINAL', '070D9B53D573D23CB1B7CF4FDC14C3F7.1-652'),
('070D9B53D573D23CB1B7CF4FDC14C3F7.1-3682', TIMESTAMP '2012-02-18 08:42:50.0', 'http://demo.oridashi.com.au:8298/Observation/070D9B53D573D23CB1B7CF4FDC14C3F7.1-3682/_history/20130218031250', 'FINAL', '070D9B53D573D23CB1B7CF4FDC14C3F7.1-652'),
('070D9B53D573D23CB1B7CF4FDC14C3F7.1-3680', TIMESTAMP '2013-02-18 08:42:50.0', 'http://demo.oridashi.com.au:8298/Observation/070D9B53D573D23CB1B7CF4FDC14C3F7.1-3680/_history/20130218031250', 'FINAL', '070D9B53D573D23CB1B7CF4FDC14C3F7.1-652'),
('070D9B53D573D23CB1B7CF4FDC14C3F7.1-3679', TIMESTAMP '2013-02-18 08:42:50.0', 'http://demo.oridashi.com.au:8298/Observation/070D9B53D573D23CB1B7CF4FDC14C3F7.1-3679/_history/20130218031250', 'FINAL', '070D9B53D573D23CB1B7CF4FDC14C3F7.1-652'),
('070D9B53D573D23CB1B7CF4FDC14C3F7.1-3678', TIMESTAMP '2013-02-18 08:42:50.0', 'http://demo.oridashi.com.au:8298/Observation/070D9B53D573D23CB1B7CF4FDC14C3F7.1-3678/_history/20130218031250', 'FINAL', '070D9B53D573D23CB1B7CF4FDC14C3F7.1-652'),
('070D9B53D573D23CB1B7CF4FDC14C3F7.1-3677', TIMESTAMP '2013-02-18 08:42:50.0', 'http://demo.oridashi.com.au:8298/Observation/070D9B53D573D23CB1B7CF4FDC14C3F7.1-3677/_history/20130218031250', 'FINAL', '070D9B53D573D23CB1B7CF4FDC14C3F7.1-651'),
('070D9B53D573D23CB1B7CF4FDC14C3F7.1-3652', TIMESTAMP '2013-02-18 08:42:50.0', 'http://demo.oridashi.com.au:8298/Observation/070D9B53D573D23CB1B7CF4FDC14C3F7.1-3652/_history/20130218031250', 'FINAL', '070D9B53D573D23CB1B7CF4FDC14C3F7.1-651'),
('070D9B53D573D23CB1B7CF4FDC14C3F7.1-3651', TIMESTAMP '2013-02-18 08:42:50.0', 'http://demo.oridashi.com.au:8298/Observation/070D9B53D573D23CB1B7CF4FDC14C3F7.1-3651/_history/20130218031250', 'FINAL', '070D9B53D573D23CB1B7CF4FDC14C3F7.1-651'),
('070D9B53D573D23CB1B7CF4FDC14C3F7.1-3650', TIMESTAMP '2013-02-18 08:42:50.0', 'http://demo.oridashi.com.au:8298/Observation/070D9B53D573D23CB1B7CF4FDC14C3F7.1-3650/_history/20130218031250', 'FINAL', '070D9B53D573D23CB1B7CF4FDC14C3F7.1-651'),
('070D9B53D573D23CB1B7CF4FDC14C3F7.1-3645', TIMESTAMP '2013-02-18 08:42:50.0', 'http://demo.oridashi.com.au:8298/Observation/070D9B53D573D23CB1B7CF4FDC14C3F7.1-3645/_history/20130218031250', 'FINAL', '070D9B53D573D23CB1B7CF4FDC14C3F7.1-651'),
('070D9B53D573D23CB1B7CF4FDC14C3F7.1-3643', TIMESTAMP '2013-02-18 08:42:49.0', 'http://demo.oridashi.com.au:8298/Observation/070D9B53D573D23CB1B7CF4FDC14C3F7.1-3643/_history/20130218031250', 'FINAL', '070D9B53D573D23CB1B7CF4FDC14C3F7.1-651'),
('070D9B53D573D23CB1B7CF4FDC14C3F7.1-4814', TIMESTAMP '2013-02-14 09:21:25.0', 'http://demo.oridashi.com.au:8298/Observation/070D9B53D573D23CB1B7CF4FDC14C3F7.1-4814/_history/20130214035125', 'FINAL', '070D9B53D573D23CB1B7CF4FDC14C3F7.1-651'),
('070D9B53D573D23CB1B7CF4FDC14C3F7.1-4813', TIMESTAMP '2013-02-14 09:21:25.0', 'http://demo.oridashi.com.au:8298/Observation/070D9B53D573D23CB1B7CF4FDC14C3F7.1-4813/_history/20130214035125', 'FINAL', '070D9B53D573D23CB1B7CF4FDC14C3F7.1-651'),
('070D9B53D573D23CB1B7CF4FDC14C3F7.1-4812', TIMESTAMP '2013-02-14 09:21:25.0', 'http://demo.oridashi.com.au:8298/Observation/070D9B53D573D23CB1B7CF4FDC14C3F7.1-4812/_history/20130214035125', 'FINAL', '070D9B53D573D23CB1B7CF4FDC14C3F7.1-651');               
INSERT INTO PUBLIC.OBSERVATION(ID, EFFECTIVE_START_PERIOD, FULL_ID, STATUS, ENCOUNTER) VALUES
('070D9B53D573D23CB1B7CF4FDC14C3F7.1-4811', TIMESTAMP '2013-02-14 09:21:25.0', 'http://demo.oridashi.com.au:8298/Observation/070D9B53D573D23CB1B7CF4FDC14C3F7.1-4811/_history/20130214035125', 'FINAL', '070D9B53D573D23CB1B7CF4FDC14C3F7.1-651'),
('070D9B53D573D23CB1B7CF4FDC14C3F7.1-4810', TIMESTAMP '2013-02-14 09:21:03.0', 'http://demo.oridashi.com.au:8298/Observation/070D9B53D573D23CB1B7CF4FDC14C3F7.1-4810/_history/20130214035125', 'FINAL', '070D9B53D573D23CB1B7CF4FDC14C3F7.1-650'),
('070D9B53D573D23CB1B7CF4FDC14C3F7.1-4808', TIMESTAMP '2013-02-14 09:21:03.0', 'http://demo.oridashi.com.au:8298/Observation/070D9B53D573D23CB1B7CF4FDC14C3F7.1-4808/_history/20130214035125', 'FINAL', '070D9B53D573D23CB1B7CF4FDC14C3F7.1-650'),
('070D9B53D573D23CB1B7CF4FDC14C3F7.1-2093', TIMESTAMP '2013-01-23 09:27:35.0', 'http://demo.oridashi.com.au:8298/Observation/070D9B53D573D23CB1B7CF4FDC14C3F7.1-2093/_history/20130123035735', 'FINAL', '070D9B53D573D23CB1B7CF4FDC14C3F7.1-650'),
('070D9B53D573D23CB1B7CF4FDC14C3F7.1-2094', TIMESTAMP '2013-01-23 09:27:35.0', 'http://demo.oridashi.com.au:8298/Observation/070D9B53D573D23CB1B7CF4FDC14C3F7.1-2094/_history/20130123035735', 'FINAL', '070D9B53D573D23CB1B7CF4FDC14C3F7.1-650'),
('070D9B53D573D23CB1B7CF4FDC14C3F7.1-2095', TIMESTAMP '2013-01-23 09:27:35.0', 'http://demo.oridashi.com.au:8298/Observation/070D9B53D573D23CB1B7CF4FDC14C3F7.1-2095/_history/20130123035735', 'FINAL', '070D9B53D573D23CB1B7CF4FDC14C3F7.1-650'),
('070D9B53D573D23CB1B7CF4FDC14C3F7.1-1052', TIMESTAMP '1996-04-12 07:30:00.0', 'http://demo.oridashi.com.au:8298/Observation/070D9B53D573D23CB1B7CF4FDC14C3F7.1-1052/_history/20130107045405', 'FINAL', '070D9B53D573D23CB1B7CF4FDC14C3F7.1-650'),
('070D9B53D573D23CB1B7CF4FDC14C3F7.1-1053', TIMESTAMP '1996-04-12 07:30:00.0', 'http://demo.oridashi.com.au:8298/Observation/070D9B53D573D23CB1B7CF4FDC14C3F7.1-1053/_history/20130107045405', 'FINAL', '070D9B53D573D23CB1B7CF4FDC14C3F7.1-650'),
('070D9B53D573D23CB1B7CF4FDC14C3F7.1-1054', TIMESTAMP '1996-04-18 07:30:00.0', 'http://demo.oridashi.com.au:8298/Observation/070D9B53D573D23CB1B7CF4FDC14C3F7.1-1054/_history/20130107045405', 'FINAL', '070D9B53D573D23CB1B7CF4FDC14C3F7.1-650'),
('070D9B53D573D23CB1B7CF4FDC14C3F7.1-1055', TIMESTAMP '1996-04-18 07:30:00.0', 'http://demo.oridashi.com.au:8298/Observation/070D9B53D573D23CB1B7CF4FDC14C3F7.1-1055/_history/20130107045405', 'FINAL', '070D9B53D573D23CB1B7CF4FDC14C3F7.1-650'),
('070D9B53D573D23CB1B7CF4FDC14C3F7.1-1056', TIMESTAMP '1996-04-18 07:30:00.0', 'http://demo.oridashi.com.au:8298/Observation/070D9B53D573D23CB1B7CF4FDC14C3F7.1-1056/_history/20130107045405', 'FINAL', '070D9B53D573D23CB1B7CF4FDC14C3F7.1-650'),
('070D9B53D573D23CB1B7CF4FDC14C3F7.1-1057', TIMESTAMP '1996-04-21 07:30:00.0', 'http://demo.oridashi.com.au:8298/Observation/070D9B53D573D23CB1B7CF4FDC14C3F7.1-1057/_history/20130107045405', 'FINAL', '070D9B53D573D23CB1B7CF4FDC14C3F7.1-649'),
('070D9B53D573D23CB1B7CF4FDC14C3F7.1-1058', TIMESTAMP '1996-06-24 07:30:00.0', 'http://demo.oridashi.com.au:8298/Observation/070D9B53D573D23CB1B7CF4FDC14C3F7.1-1058/_history/20130107045405', 'FINAL', '070D9B53D573D23CB1B7CF4FDC14C3F7.1-649'),
('070D9B53D573D23CB1B7CF4FDC14C3F7.1-1059', TIMESTAMP '1996-06-26 07:30:00.0', 'http://demo.oridashi.com.au:8298/Observation/070D9B53D573D23CB1B7CF4FDC14C3F7.1-1059/_history/20130107045405', 'FINAL', '070D9B53D573D23CB1B7CF4FDC14C3F7.1-649'),
('070D9B53D573D23CB1B7CF4FDC14C3F7.1-1060', TIMESTAMP '1996-07-15 07:30:00.0', 'http://demo.oridashi.com.au:8298/Observation/070D9B53D573D23CB1B7CF4FDC14C3F7.1-1060/_history/20130107045405', 'FINAL', '070D9B53D573D23CB1B7CF4FDC14C3F7.1-649'),
('070D9B53D573D23CB1B7CF4FDC14C3F7.1-1061', TIMESTAMP '1996-07-15 07:30:00.0', 'http://demo.oridashi.com.au:8298/Observation/070D9B53D573D23CB1B7CF4FDC14C3F7.1-1061/_history/20130107045405', 'FINAL', '070D9B53D573D23CB1B7CF4FDC14C3F7.1-649'),
('070D9B53D573D23CB1B7CF4FDC14C3F7.1-1062', TIMESTAMP '1996-07-22 07:30:00.0', 'http://demo.oridashi.com.au:8298/Observation/070D9B53D573D23CB1B7CF4FDC14C3F7.1-1062/_history/20130107045405', 'FINAL', '070D9B53D573D23CB1B7CF4FDC14C3F7.1-649');               
INSERT INTO PUBLIC.OBSERVATION(ID, EFFECTIVE_START_PERIOD, FULL_ID, STATUS, ENCOUNTER) VALUES
('070D9B53D573D23CB1B7CF4FDC14C3F7.1-1063', TIMESTAMP '1996-07-22 07:30:00.0', 'http://demo.oridashi.com.au:8298/Observation/070D9B53D573D23CB1B7CF4FDC14C3F7.1-1063/_history/20130107045405', 'FINAL', '070D9B53D573D23CB1B7CF4FDC14C3F7.1-649'),
('070D9B53D573D23CB1B7CF4FDC14C3F7.1-1064', TIMESTAMP '1996-07-22 07:30:00.0', 'http://demo.oridashi.com.au:8298/Observation/070D9B53D573D23CB1B7CF4FDC14C3F7.1-1064/_history/20130107045405', 'FINAL', '070D9B53D573D23CB1B7CF4FDC14C3F7.1-649'),
('070D9B53D573D23CB1B7CF4FDC14C3F7.1-1065', TIMESTAMP '1996-07-22 07:30:00.0', 'http://demo.oridashi.com.au:8298/Observation/070D9B53D573D23CB1B7CF4FDC14C3F7.1-1065/_history/20130107045405', 'FINAL', '070D9B53D573D23CB1B7CF4FDC14C3F7.1-649'),
('070D9B53D573D23CB1B7CF4FDC14C3F7.1-1066', TIMESTAMP '1996-08-01 07:30:00.0', 'http://demo.oridashi.com.au:8298/Observation/070D9B53D573D23CB1B7CF4FDC14C3F7.1-1066/_history/20130107045405', 'FINAL', '070D9B53D573D23CB1B7CF4FDC14C3F7.1-649'),
('070D9B53D573D23CB1B7CF4FDC14C3F7.1-1068', TIMESTAMP '1996-08-10 07:30:00.0', 'http://demo.oridashi.com.au:8298/Observation/070D9B53D573D23CB1B7CF4FDC14C3F7.1-1068/_history/20130107045405', 'FINAL', '070D9B53D573D23CB1B7CF4FDC14C3F7.1-648'),
('070D9B53D573D23CB1B7CF4FDC14C3F7.1-1069', TIMESTAMP '1996-08-10 07:30:00.0', 'http://demo.oridashi.com.au:8298/Observation/070D9B53D573D23CB1B7CF4FDC14C3F7.1-1069/_history/20130107045405', 'FINAL', '070D9B53D573D23CB1B7CF4FDC14C3F7.1-648'),
('070D9B53D573D23CB1B7CF4FDC14C3F7.1-1070', TIMESTAMP '1996-08-10 07:30:00.0', 'http://demo.oridashi.com.au:8298/Observation/070D9B53D573D23CB1B7CF4FDC14C3F7.1-1070/_history/20130107045405', 'FINAL', '070D9B53D573D23CB1B7CF4FDC14C3F7.1-648'),
('070D9B53D573D23CB1B7CF4FDC14C3F7.1-1071', TIMESTAMP '1996-08-14 07:30:00.0', 'http://demo.oridashi.com.au:8298/Observation/070D9B53D573D23CB1B7CF4FDC14C3F7.1-1071/_history/20130107045405', 'FINAL', '070D9B53D573D23CB1B7CF4FDC14C3F7.1-648'),
('070D9B53D573D23CB1B7CF4FDC14C3F7.1-1073', TIMESTAMP '1996-08-16 07:30:00.0', 'http://demo.oridashi.com.au:8298/Observation/070D9B53D573D23CB1B7CF4FDC14C3F7.1-1073/_history/20130107045405', 'FINAL', '070D9B53D573D23CB1B7CF4FDC14C3F7.1-648'),
('070D9B53D573D23CB1B7CF4FDC14C3F7.1-1074', TIMESTAMP '1996-08-16 07:30:00.0', 'http://demo.oridashi.com.au:8298/Observation/070D9B53D573D23CB1B7CF4FDC14C3F7.1-1074/_history/20130107045405', 'FINAL', '070D9B53D573D23CB1B7CF4FDC14C3F7.1-648'),
('070D9B53D573D23CB1B7CF4FDC14C3F7.1-1075', TIMESTAMP '1996-08-16 07:30:00.0', 'http://demo.oridashi.com.au:8298/Observation/070D9B53D573D23CB1B7CF4FDC14C3F7.1-1075/_history/20130107045405', 'FINAL', '070D9B53D573D23CB1B7CF4FDC14C3F7.1-648'),
('070D9B53D573D23CB1B7CF4FDC14C3F7.1-1076', TIMESTAMP '1996-08-23 07:30:00.0', 'http://demo.oridashi.com.au:8298/Observation/070D9B53D573D23CB1B7CF4FDC14C3F7.1-1076/_history/20130107045405', 'FINAL', '070D9B53D573D23CB1B7CF4FDC14C3F7.1-648'),
('070D9B53D573D23CB1B7CF4FDC14C3F7.1-1077', TIMESTAMP '1996-08-23 07:30:00.0', 'http://demo.oridashi.com.au:8298/Observation/070D9B53D573D23CB1B7CF4FDC14C3F7.1-1077/_history/20130107045405', 'FINAL', '070D9B53D573D23CB1B7CF4FDC14C3F7.1-648'),
('070D9B53D573D23CB1B7CF4FDC14C3F7.1-1079', TIMESTAMP '1996-08-28 07:30:00.0', 'http://demo.oridashi.com.au:8298/Observation/070D9B53D573D23CB1B7CF4FDC14C3F7.1-1079/_history/20130107045405', 'FINAL', '070D9B53D573D23CB1B7CF4FDC14C3F7.1-648'),
('070D9B53D573D23CB1B7CF4FDC14C3F7.1-1080', TIMESTAMP '1996-09-08 07:30:00.0', 'http://demo.oridashi.com.au:8298/Observation/070D9B53D573D23CB1B7CF4FDC14C3F7.1-1080/_history/20130107045405', 'FINAL', '070D9B53D573D23CB1B7CF4FDC14C3F7.1-647'),
('070D9B53D573D23CB1B7CF4FDC14C3F7.1-1083', TIMESTAMP '1996-09-13 07:30:00.0', 'http://demo.oridashi.com.au:8298/Observation/070D9B53D573D23CB1B7CF4FDC14C3F7.1-1083/_history/20130107045405', 'FINAL', '070D9B53D573D23CB1B7CF4FDC14C3F7.1-647'),
('070D9B53D573D23CB1B7CF4FDC14C3F7.1-1084', TIMESTAMP '1996-09-13 07:30:00.0', 'http://demo.oridashi.com.au:8298/Observation/070D9B53D573D23CB1B7CF4FDC14C3F7.1-1084/_history/20130107045405', 'FINAL', '070D9B53D573D23CB1B7CF4FDC14C3F7.1-647');               
INSERT INTO PUBLIC.OBSERVATION(ID, EFFECTIVE_START_PERIOD, FULL_ID, STATUS, ENCOUNTER) VALUES
('070D9B53D573D23CB1B7CF4FDC14C3F7.1-1086', TIMESTAMP '1996-10-02 07:30:00.0', 'http://demo.oridashi.com.au:8298/Observation/070D9B53D573D23CB1B7CF4FDC14C3F7.1-1086/_history/20130107045405', 'FINAL', '070D9B53D573D23CB1B7CF4FDC14C3F7.1-647'),
('070D9B53D573D23CB1B7CF4FDC14C3F7.1-1087', TIMESTAMP '1996-10-02 07:30:00.0', 'http://demo.oridashi.com.au:8298/Observation/070D9B53D573D23CB1B7CF4FDC14C3F7.1-1087/_history/20130107045405', 'FINAL', '070D9B53D573D23CB1B7CF4FDC14C3F7.1-647'),
('070D9B53D573D23CB1B7CF4FDC14C3F7.1-1088', TIMESTAMP '1996-10-02 07:30:00.0', 'http://demo.oridashi.com.au:8298/Observation/070D9B53D573D23CB1B7CF4FDC14C3F7.1-1088/_history/20130107045405', 'FINAL', '070D9B53D573D23CB1B7CF4FDC14C3F7.1-647'),
('070D9B53D573D23CB1B7CF4FDC14C3F7.1-1089', TIMESTAMP '1996-10-05 07:30:00.0', 'http://demo.oridashi.com.au:8298/Observation/070D9B53D573D23CB1B7CF4FDC14C3F7.1-1089/_history/20130107045405', 'FINAL', '070D9B53D573D23CB1B7CF4FDC14C3F7.1-647'),
('070D9B53D573D23CB1B7CF4FDC14C3F7.1-1090', TIMESTAMP '1996-10-05 07:30:00.0', 'http://demo.oridashi.com.au:8298/Observation/070D9B53D573D23CB1B7CF4FDC14C3F7.1-1090/_history/20130107045405', 'FINAL', '070D9B53D573D23CB1B7CF4FDC14C3F7.1-647'),
('070D9B53D573D23CB1B7CF4FDC14C3F7.1-1091', TIMESTAMP '1996-10-05 07:30:00.0', 'http://demo.oridashi.com.au:8298/Observation/070D9B53D573D23CB1B7CF4FDC14C3F7.1-1091/_history/20130107045405', 'FINAL', '070D9B53D573D23CB1B7CF4FDC14C3F7.1-647'),
('070D9B53D573D23CB1B7CF4FDC14C3F7.1-1092', TIMESTAMP '1996-10-05 07:30:00.0', 'http://demo.oridashi.com.au:8298/Observation/070D9B53D573D23CB1B7CF4FDC14C3F7.1-1092/_history/20130107045405', 'FINAL', '070D9B53D573D23CB1B7CF4FDC14C3F7.1-647'),
('070D9B53D573D23CB1B7CF4FDC14C3F7.1-1093', TIMESTAMP '1996-10-08 07:30:00.0', 'http://demo.oridashi.com.au:8298/Observation/070D9B53D573D23CB1B7CF4FDC14C3F7.1-1093/_history/20130107045405', 'FINAL', '070D9B53D573D23CB1B7CF4FDC14C3F7.1-646'),
('070D9B53D573D23CB1B7CF4FDC14C3F7.1-1094', TIMESTAMP '1996-10-08 07:30:00.0', 'http://demo.oridashi.com.au:8298/Observation/070D9B53D573D23CB1B7CF4FDC14C3F7.1-1094/_history/20130107045405', 'FINAL', '070D9B53D573D23CB1B7CF4FDC14C3F7.1-646'),
('070D9B53D573D23CB1B7CF4FDC14C3F7.1-1095', TIMESTAMP '1996-10-23 07:30:00.0', 'http://demo.oridashi.com.au:8298/Observation/070D9B53D573D23CB1B7CF4FDC14C3F7.1-1095/_history/20130107045405', 'FINAL', '070D9B53D573D23CB1B7CF4FDC14C3F7.1-646'),
('070D9B53D573D23CB1B7CF4FDC14C3F7.1-1097', TIMESTAMP '1996-10-23 07:30:00.0', 'http://demo.oridashi.com.au:8298/Observation/070D9B53D573D23CB1B7CF4FDC14C3F7.1-1097/_history/20130107045405', 'FINAL', '070D9B53D573D23CB1B7CF4FDC14C3F7.1-646'),
('070D9B53D573D23CB1B7CF4FDC14C3F7.1-1099', TIMESTAMP '1996-10-23 07:30:00.0', 'http://demo.oridashi.com.au:8298/Observation/070D9B53D573D23CB1B7CF4FDC14C3F7.1-1099/_history/20130107045405', 'FINAL', '070D9B53D573D23CB1B7CF4FDC14C3F7.1-646'),
('070D9B53D573D23CB1B7CF4FDC14C3F7.1-1100', TIMESTAMP '1996-10-29 06:30:00.0', 'http://demo.oridashi.com.au:8298/Observation/070D9B53D573D23CB1B7CF4FDC14C3F7.1-1100/_history/20130107045405', 'FINAL', '070D9B53D573D23CB1B7CF4FDC14C3F7.1-646'),
('070D9B53D573D23CB1B7CF4FDC14C3F7.1-1102', TIMESTAMP '1996-10-29 06:30:00.0', 'http://demo.oridashi.com.au:8298/Observation/070D9B53D573D23CB1B7CF4FDC14C3F7.1-1102/_history/20130107045405', 'FINAL', '070D9B53D573D23CB1B7CF4FDC14C3F7.1-646'),
('070D9B53D573D23CB1B7CF4FDC14C3F7.1-1104', TIMESTAMP '1996-10-29 06:30:00.0', 'http://demo.oridashi.com.au:8298/Observation/070D9B53D573D23CB1B7CF4FDC14C3F7.1-1104/_history/20130107045405', 'FINAL', '070D9B53D573D23CB1B7CF4FDC14C3F7.1-646'),
('070D9B53D573D23CB1B7CF4FDC14C3F7.1-1106', TIMESTAMP '1996-10-29 06:30:00.0', 'http://demo.oridashi.com.au:8298/Observation/070D9B53D573D23CB1B7CF4FDC14C3F7.1-1106/_history/20130107045405', 'FINAL', '070D9B53D573D23CB1B7CF4FDC14C3F7.1-646'),
('070D9B53D573D23CB1B7CF4FDC14C3F7.1-1107', TIMESTAMP '1997-04-13 07:30:00.0', 'http://demo.oridashi.com.au:8298/Observation/070D9B53D573D23CB1B7CF4FDC14C3F7.1-1107/_history/20130107045405', 'FINAL', '070D9B53D573D23CB1B7CF4FDC14C3F7.1-646');               
INSERT INTO PUBLIC.OBSERVATION(ID, EFFECTIVE_START_PERIOD, FULL_ID, STATUS, ENCOUNTER) VALUES
('070D9B53D573D23CB1B7CF4FDC14C3F7.1-1108', TIMESTAMP '1997-04-13 07:30:00.0', 'http://demo.oridashi.com.au:8298/Observation/070D9B53D573D23CB1B7CF4FDC14C3F7.1-1108/_history/20130107045405', 'FINAL', '070D9B53D573D23CB1B7CF4FDC14C3F7.1-645'),
('070D9B53D573D23CB1B7CF4FDC14C3F7.1-1109', TIMESTAMP '1997-04-13 07:30:00.0', 'http://demo.oridashi.com.au:8298/Observation/070D9B53D573D23CB1B7CF4FDC14C3F7.1-1109/_history/20130107045405', 'FINAL', '070D9B53D573D23CB1B7CF4FDC14C3F7.1-645'),
('070D9B53D573D23CB1B7CF4FDC14C3F7.1-1110', TIMESTAMP '1997-09-21 07:30:00.0', 'http://demo.oridashi.com.au:8298/Observation/070D9B53D573D23CB1B7CF4FDC14C3F7.1-1110/_history/20130107045405', 'FINAL', '070D9B53D573D23CB1B7CF4FDC14C3F7.1-645'),
('070D9B53D573D23CB1B7CF4FDC14C3F7.1-1111', TIMESTAMP '1997-09-21 07:30:00.0', 'http://demo.oridashi.com.au:8298/Observation/070D9B53D573D23CB1B7CF4FDC14C3F7.1-1111/_history/20130107045405', 'FINAL', '070D9B53D573D23CB1B7CF4FDC14C3F7.1-645'),
('070D9B53D573D23CB1B7CF4FDC14C3F7.1-1112', TIMESTAMP '1997-09-21 07:30:00.0', 'http://demo.oridashi.com.au:8298/Observation/070D9B53D573D23CB1B7CF4FDC14C3F7.1-1112/_history/20130107045405', 'FINAL', '070D9B53D573D23CB1B7CF4FDC14C3F7.1-645'),
('070D9B53D573D23CB1B7CF4FDC14C3F7.1-1114', TIMESTAMP '1998-08-13 07:30:00.0', 'http://demo.oridashi.com.au:8298/Observation/070D9B53D573D23CB1B7CF4FDC14C3F7.1-1114/_history/20130107045405', 'FINAL', '070D9B53D573D23CB1B7CF4FDC14C3F7.1-645'),
('070D9B53D573D23CB1B7CF4FDC14C3F7.1-1115', TIMESTAMP '1998-08-28 07:30:00.0', 'http://demo.oridashi.com.au:8298/Observation/070D9B53D573D23CB1B7CF4FDC14C3F7.1-1115/_history/20130107045405', 'FINAL', '070D9B53D573D23CB1B7CF4FDC14C3F7.1-645'),
('070D9B53D573D23CB1B7CF4FDC14C3F7.1-1116', TIMESTAMP '1998-08-28 07:30:00.0', 'http://demo.oridashi.com.au:8298/Observation/070D9B53D573D23CB1B7CF4FDC14C3F7.1-1116/_history/20130107045405', 'FINAL', '070D9B53D573D23CB1B7CF4FDC14C3F7.1-645'),
('070D9B53D573D23CB1B7CF4FDC14C3F7.1-1117', TIMESTAMP '1998-08-28 07:30:00.0', 'http://demo.oridashi.com.au:8298/Observation/070D9B53D573D23CB1B7CF4FDC14C3F7.1-1117/_history/20130107045405', 'FINAL', '070D9B53D573D23CB1B7CF4FDC14C3F7.1-645'),
('070D9B53D573D23CB1B7CF4FDC14C3F7.1-1118', TIMESTAMP '1998-08-28 07:30:00.0', 'http://demo.oridashi.com.au:8298/Observation/070D9B53D573D23CB1B7CF4FDC14C3F7.1-1118/_history/20130107045405', 'FINAL', '070D9B53D573D23CB1B7CF4FDC14C3F7.1-645'),
('070D9B53D573D23CB1B7CF4FDC14C3F7.1-1125', TIMESTAMP '1998-10-28 06:30:00.0', 'http://demo.oridashi.com.au:8298/Observation/070D9B53D573D23CB1B7CF4FDC14C3F7.1-1125/_history/20130107045405', 'FINAL', '070D9B53D573D23CB1B7CF4FDC14C3F7.1-654'),
('070D9B53D573D23CB1B7CF4FDC14C3F7.1-1126', TIMESTAMP '1998-10-28 06:30:00.0', 'http://demo.oridashi.com.au:8298/Observation/070D9B53D573D23CB1B7CF4FDC14C3F7.1-1126/_history/20130107045405', 'FINAL', '070D9B53D573D23CB1B7CF4FDC14C3F7.1-654'),
('070D9B53D573D23CB1B7CF4FDC14C3F7.1-1127', TIMESTAMP '1998-10-28 06:30:00.0', 'http://demo.oridashi.com.au:8298/Observation/070D9B53D573D23CB1B7CF4FDC14C3F7.1-1127/_history/20130107045405', 'FINAL', '070D9B53D573D23CB1B7CF4FDC14C3F7.1-654'),
('070D9B53D573D23CB1B7CF4FDC14C3F7.1-1128', TIMESTAMP '1998-10-28 06:30:00.0', 'http://demo.oridashi.com.au:8298/Observation/070D9B53D573D23CB1B7CF4FDC14C3F7.1-1128/_history/20130107045405', 'FINAL', '070D9B53D573D23CB1B7CF4FDC14C3F7.1-654'),
('070D9B53D573D23CB1B7CF4FDC14C3F7.1-1129', TIMESTAMP '1998-10-28 06:30:00.0', 'http://demo.oridashi.com.au:8298/Observation/070D9B53D573D23CB1B7CF4FDC14C3F7.1-1129/_history/20130107045405', 'FINAL', '070D9B53D573D23CB1B7CF4FDC14C3F7.1-654'),
('070D9B53D573D23CB1B7CF4FDC14C3F7.1-1130', TIMESTAMP '1998-10-28 06:30:00.0', 'http://demo.oridashi.com.au:8298/Observation/070D9B53D573D23CB1B7CF4FDC14C3F7.1-1130/_history/20130107045405', 'FINAL', '070D9B53D573D23CB1B7CF4FDC14C3F7.1-654'),
('070D9B53D573D23CB1B7CF4FDC14C3F7.1-1131', TIMESTAMP '1998-10-28 06:30:00.0', 'http://demo.oridashi.com.au:8298/Observation/070D9B53D573D23CB1B7CF4FDC14C3F7.1-1131/_history/20130107045405', 'FINAL', '070D9B53D573D23CB1B7CF4FDC14C3F7.1-654');               
INSERT INTO PUBLIC.OBSERVATION(ID, EFFECTIVE_START_PERIOD, FULL_ID, STATUS, ENCOUNTER) VALUES
('070D9B53D573D23CB1B7CF4FDC14C3F7.1-1132', TIMESTAMP '1998-10-28 06:30:00.0', 'http://demo.oridashi.com.au:8298/Observation/070D9B53D573D23CB1B7CF4FDC14C3F7.1-1132/_history/20130107045405', 'FINAL', '070D9B53D573D23CB1B7CF4FDC14C3F7.1-654'),
('070D9B53D573D23CB1B7CF4FDC14C3F7.1-1134', TIMESTAMP '1998-11-05 06:30:00.0', 'http://demo.oridashi.com.au:8298/Observation/070D9B53D573D23CB1B7CF4FDC14C3F7.1-1134/_history/20130107045405', 'FINAL', '070D9B53D573D23CB1B7CF4FDC14C3F7.1-654'),
('070D9B53D573D23CB1B7CF4FDC14C3F7.1-1135', TIMESTAMP '1998-11-05 06:30:00.0', 'http://demo.oridashi.com.au:8298/Observation/070D9B53D573D23CB1B7CF4FDC14C3F7.1-1135/_history/20130107045405', 'FINAL', '070D9B53D573D23CB1B7CF4FDC14C3F7.1-654'),
('070D9B53D573D23CB1B7CF4FDC14C3F7.1-1136', TIMESTAMP '1998-11-05 06:30:00.0', 'http://demo.oridashi.com.au:8298/Observation/070D9B53D573D23CB1B7CF4FDC14C3F7.1-1136/_history/20130107045405', 'FINAL', '070D9B53D573D23CB1B7CF4FDC14C3F7.1-655'),
('070D9B53D573D23CB1B7CF4FDC14C3F7.1-1137', TIMESTAMP '1998-11-09 06:30:00.0', 'http://demo.oridashi.com.au:8298/Observation/070D9B53D573D23CB1B7CF4FDC14C3F7.1-1137/_history/20130107045405', 'FINAL', '070D9B53D573D23CB1B7CF4FDC14C3F7.1-655'),
('070D9B53D573D23CB1B7CF4FDC14C3F7.1-1138', TIMESTAMP '1998-11-09 06:30:00.0', 'http://demo.oridashi.com.au:8298/Observation/070D9B53D573D23CB1B7CF4FDC14C3F7.1-1138/_history/20130107045405', 'FINAL', '070D9B53D573D23CB1B7CF4FDC14C3F7.1-655'),
('070D9B53D573D23CB1B7CF4FDC14C3F7.1-1139', TIMESTAMP '1998-11-09 06:30:00.0', 'http://demo.oridashi.com.au:8298/Observation/070D9B53D573D23CB1B7CF4FDC14C3F7.1-1139/_history/20130107045405', 'FINAL', '070D9B53D573D23CB1B7CF4FDC14C3F7.1-655'),
('070D9B53D573D23CB1B7CF4FDC14C3F7.1-1140', TIMESTAMP '1998-11-24 06:30:00.0', 'http://demo.oridashi.com.au:8298/Observation/070D9B53D573D23CB1B7CF4FDC14C3F7.1-1140/_history/20130107045405', 'FINAL', '070D9B53D573D23CB1B7CF4FDC14C3F7.1-655'),
('070D9B53D573D23CB1B7CF4FDC14C3F7.1-1142', TIMESTAMP '1998-11-24 06:30:00.0', 'http://demo.oridashi.com.au:8298/Observation/070D9B53D573D23CB1B7CF4FDC14C3F7.1-1142/_history/20130107045405', 'FINAL', '070D9B53D573D23CB1B7CF4FDC14C3F7.1-655'),
('070D9B53D573D23CB1B7CF4FDC14C3F7.1-1143', TIMESTAMP '1998-11-24 06:30:00.0', 'http://demo.oridashi.com.au:8298/Observation/070D9B53D573D23CB1B7CF4FDC14C3F7.1-1143/_history/20130107045405', 'FINAL', '070D9B53D573D23CB1B7CF4FDC14C3F7.1-655'),
('070D9B53D573D23CB1B7CF4FDC14C3F7.1-1144', TIMESTAMP '1998-11-24 06:30:00.0', 'http://demo.oridashi.com.au:8298/Observation/070D9B53D573D23CB1B7CF4FDC14C3F7.1-1144/_history/20130107045405', 'FINAL', '070D9B53D573D23CB1B7CF4FDC14C3F7.1-655'),
('070D9B53D573D23CB1B7CF4FDC14C3F7.1-1145', TIMESTAMP '1998-11-24 06:30:00.0', 'http://demo.oridashi.com.au:8298/Observation/070D9B53D573D23CB1B7CF4FDC14C3F7.1-1145/_history/20130107045405', 'FINAL', '070D9B53D573D23CB1B7CF4FDC14C3F7.1-655'),
('070D9B53D573D23CB1B7CF4FDC14C3F7.1-1147', TIMESTAMP '1998-11-24 06:30:00.0', 'http://demo.oridashi.com.au:8298/Observation/070D9B53D573D23CB1B7CF4FDC14C3F7.1-1147/_history/20130107045405', 'FINAL', '070D9B53D573D23CB1B7CF4FDC14C3F7.1-655'),
('070D9B53D573D23CB1B7CF4FDC14C3F7.1-1148', TIMESTAMP '1999-01-25 06:30:00.0', 'http://demo.oridashi.com.au:8298/Observation/070D9B53D573D23CB1B7CF4FDC14C3F7.1-1148/_history/20130107045405', 'FINAL', '070D9B53D573D23CB1B7CF4FDC14C3F7.1-658'),
('070D9B53D573D23CB1B7CF4FDC14C3F7.1-1149', TIMESTAMP '1999-01-25 06:30:00.0', 'http://demo.oridashi.com.au:8298/Observation/070D9B53D573D23CB1B7CF4FDC14C3F7.1-1149/_history/20130107045405', 'FINAL', '070D9B53D573D23CB1B7CF4FDC14C3F7.1-658'),
('070D9B53D573D23CB1B7CF4FDC14C3F7.1-1151', TIMESTAMP '1999-02-12 06:30:00.0', 'http://demo.oridashi.com.au:8298/Observation/070D9B53D573D23CB1B7CF4FDC14C3F7.1-1151/_history/20130107045405', 'FINAL', '070D9B53D573D23CB1B7CF4FDC14C3F7.1-658'),
('070D9B53D573D23CB1B7CF4FDC14C3F7.1-1152', TIMESTAMP '1999-02-12 06:30:00.0', 'http://demo.oridashi.com.au:8298/Observation/070D9B53D573D23CB1B7CF4FDC14C3F7.1-1152/_history/20130107045405', 'FINAL', '070D9B53D573D23CB1B7CF4FDC14C3F7.1-658');               
INSERT INTO PUBLIC.OBSERVATION(ID, EFFECTIVE_START_PERIOD, FULL_ID, STATUS, ENCOUNTER) VALUES
('070D9B53D573D23CB1B7CF4FDC14C3F7.1-1153', TIMESTAMP '1999-02-12 06:30:00.0', 'http://demo.oridashi.com.au:8298/Observation/070D9B53D573D23CB1B7CF4FDC14C3F7.1-1153/_history/20130107045405', 'FINAL', '070D9B53D573D23CB1B7CF4FDC14C3F7.1-658'),
('070D9B53D573D23CB1B7CF4FDC14C3F7.1-1154', TIMESTAMP '1999-02-12 06:30:00.0', 'http://demo.oridashi.com.au:8298/Observation/070D9B53D573D23CB1B7CF4FDC14C3F7.1-1154/_history/20130107045405', 'FINAL', '070D9B53D573D23CB1B7CF4FDC14C3F7.1-658'),
('070D9B53D573D23CB1B7CF4FDC14C3F7.1-1155', TIMESTAMP '1999-02-12 06:30:00.0', 'http://demo.oridashi.com.au:8298/Observation/070D9B53D573D23CB1B7CF4FDC14C3F7.1-1155/_history/20130107045405', 'FINAL', '070D9B53D573D23CB1B7CF4FDC14C3F7.1-658'),
('070D9B53D573D23CB1B7CF4FDC14C3F7.1-1160', TIMESTAMP '1999-03-09 06:30:00.0', 'http://demo.oridashi.com.au:8298/Observation/070D9B53D573D23CB1B7CF4FDC14C3F7.1-1160/_history/20130107045405', 'FINAL', '070D9B53D573D23CB1B7CF4FDC14C3F7.1-658'),
('070D9B53D573D23CB1B7CF4FDC14C3F7.1-1161', TIMESTAMP '1999-03-09 06:30:00.0', 'http://demo.oridashi.com.au:8298/Observation/070D9B53D573D23CB1B7CF4FDC14C3F7.1-1161/_history/20130107045405', 'FINAL', '070D9B53D573D23CB1B7CF4FDC14C3F7.1-658'),
('070D9B53D573D23CB1B7CF4FDC14C3F7.1-1162', TIMESTAMP '1999-03-09 06:30:00.0', 'http://demo.oridashi.com.au:8298/Observation/070D9B53D573D23CB1B7CF4FDC14C3F7.1-1162/_history/20130107045405', 'FINAL', '070D9B53D573D23CB1B7CF4FDC14C3F7.1-658'),
('070D9B53D573D23CB1B7CF4FDC14C3F7.1-1163', TIMESTAMP '1999-03-09 06:30:00.0', 'http://demo.oridashi.com.au:8298/Observation/070D9B53D573D23CB1B7CF4FDC14C3F7.1-1163/_history/20130107045405', 'FINAL', '070D9B53D573D23CB1B7CF4FDC14C3F7.1-658');             
CREATE MEMORY TABLE PUBLIC.PATIENT(
    ID VARCHAR(255) NOT NULL,
    ACTIVE BOOLEAN NOT NULL,
    BIRTH_DATE DATE,
    DECEASED BOOLEAN NOT NULL,
    DECEASED_ON DATE,
    FULL_ID VARCHAR(255) NOT NULL,
    GENDER VARCHAR(255),
    NAME VARCHAR(255)
);  
ALTER TABLE PUBLIC.PATIENT ADD CONSTRAINT PUBLIC.CONSTRAINT_FB PRIMARY KEY(ID);
-- 5 +/- SELECT COUNT(*) FROM PUBLIC.PATIENT;  
INSERT INTO PUBLIC.PATIENT(ID, ACTIVE, BIRTH_DATE, DECEASED, DECEASED_ON, FULL_ID, GENDER, NAME) VALUES
('070D9B53D573D23CB1B7CF4FDC14C3F7.23', TRUE, DATE '1923-06-23', FALSE, NULL, 'http://demo.oridashi.com.au:8298/Patient/070D9B53D573D23CB1B7CF4FDC14C3F7.23/_history/20171017030805', 'FEMALE', 'Mrs Maureen ANDREWS'),
('070D9B53D573D23CB1B7CF4FDC14C3F7.21', TRUE, DATE '1993-07-04', FALSE, NULL, 'http://demo.oridashi.com.au:8298/Patient/070D9B53D573D23CB1B7CF4FDC14C3F7.21/_history/20130422035210', 'FEMALE', 'Mrs Penny ANDERSON'),
('070D9B53D573D23CB1B7CF4FDC14C3F7.17', TRUE, DATE '1936-03-03', FALSE, NULL, 'http://demo.oridashi.com.au:8298/Patient/070D9B53D573D23CB1B7CF4FDC14C3F7.17/_history/20130422035203', 'FEMALE', 'Mrs Julie ANDREWS'),
('070D9B53D573D23CB1B7CF4FDC14C3F7.5', TRUE, DATE '1923-02-23', FALSE, NULL, 'http://demo.oridashi.com.au:8298/Patient/070D9B53D573D23CB1B7CF4FDC14C3F7.5/_history/20130422035127', 'MALE', 'Mr Fred ANDREWS'),
('070D9B53D573D23CB1B7CF4FDC14C3F7.3', TRUE, DATE '1963-05-12', FALSE, NULL, 'http://demo.oridashi.com.au:8298/Patient/070D9B53D573D23CB1B7CF4FDC14C3F7.3/_history/20130422035121', 'FEMALE', 'Ms Heather ANDREWS');              
ALTER TABLE PUBLIC.OBSERVATION ADD CONSTRAINT PUBLIC.FKDA2MFIMPNKGK9D7LF6UXMUQHB FOREIGN KEY(ENCOUNTER) REFERENCES PUBLIC.ENCOUNTER(ID) NOCHECK;               
ALTER TABLE PUBLIC.ENCOUNTER ADD CONSTRAINT PUBLIC.FKEX1EG4QME3NU76P13D535BVQC FOREIGN KEY(PATIENT) REFERENCES PUBLIC.PATIENT(ID) NOCHECK;     
